frame_index,iteration,time_ps,temperature_K,pressure_GPa,mag_total_Bohr,abs_mag_total_Bohr,b000,b001,b002,b003,b004,b005,b006,b007,b008,b009,b010,b011,b012
0,1,0.0010000000474974513,5000.0,138.83700561523438,nan,nan,1.923214356779214,2.069234409523691,-3.165907937064384,-0.3997322433498261,-2.1282190223691573,9.708769929606598,2.1964546469710773,2.6974880788767757,-1.1350631875661605,2.133085056584769,-3.3561086877269193,2.1093783733942777,36.02884123923255
1,2,0.0020000000949949026,4970.97314453125,138.46800231933594,nan,nan,0.2897749578564852,2.8444230621298185,-2.8559964052437605,0.06944441858620408,-1.481885926004855,8.334795528045458,1.952483802812295,1.1930704785379276,-0.02724085846518419,0.25072862313636396,-2.808006865300701,2.041124141521581,35.23612748284695
2,3,0.003000000026077032,4912.1259765625,139.29000854492188,nan,nan,0.4184971307426148,2.29776596077878,-2.7389971539398315,-0.28675060635830874,-1.5181641854828054,8.843504451961236,1.8800523614975269,1.506000665904876,-0.14428598667808937,0.5741179611372718,-2.735007785543615,2.073495679345043,35.11084357928875
3,4,0.004000000189989805,4830.21630859375,140.5120086669922,nan,nan,-0.14842815593346306,2.418194456653903,-2.458819226078642,-0.10809933225492005,-1.1489192810859066,8.386175151182076,1.6939836128265828,1.056645196128323,0.25927533648657697,-0.2845254297797319,-2.380549940252032,2.0948871046288784,34.84945239589907
4,5,0.004999999888241291,4731.7841796875,141.13800048828125,nan,nan,-0.11264696522346666,1.7717870383695904,-2.257526091647323,-0.44422764267100834,-1.2516434902899587,8.75866345522162,1.5078281940652543,1.296465302449924,0.11895014117349385,-0.05896312719122624,-2.2414636180310734,2.0834817214262484,34.38550032732739
5,6,0.006000000052154064,4619.107421875,142.53599548339844,nan,nan,-0.3302589161452966,1.2426535153195366,-1.9939701535370153,-0.448849578596074,-1.1357454244819336,8.786360009867334,1.279474411621459,1.2679856507794642,0.17764357342772055,-0.2832423471481249,-1.9908856567695759,2.0429432457459917,34.040476274410985
6,7,0.007000000216066837,4482.94384765625,143.90699768066406,nan,nan,-0.2674249345837703,0.4399119997501977,-1.7340352572346376,-0.6173875813348184,-1.1727611393831021,9.022662883037045,1.0505232730265324,1.466633854091646,0.056357164699040535,-0.16240656368023126,-1.8405090072838846,2.0158123875295026,33.60087100489079
7,8,0.00800000037997961,4325.97998046875,145.6420135498047,nan,nan,-0.4614250089846947,-0.22456163123953754,-1.4572799979975557,-0.5556056673022021,-1.10335002452076,8.98764615482024,0.8020311592555378,1.403317436833676,0.11135895743429707,-0.3760058879710065,-1.6172982693770281,1.9571577705643342,33.349693098144954
8,9,0.008999999612569809,4153.8154296875,146.99301147460938,nan,nan,-0.4221319569329634,-1.0058422061622574,-1.2100162319187602,-0.6679230055613037,-1.1400992383787187,9.151784297396967,0.5758662286064017,1.549744999750182,0.033972203474302874,-0.25708942110580146,-1.4556069584492883,1.903216383718446,32.789600326819404
9,10,0.009999999776482582,3970.80859375,149.1009979248047,nan,nan,-0.5690287723879652,-1.715281202921222,-0.9934677303537248,-0.5870730188520259,-1.1090845634693443,9.137116763561172,0.3567756311364904,1.478532138359154,0.07848787414993422,-0.40772993797787194,-1.2811564462325293,1.807598750749087,32.58647721302677
10,11,0.010999999940395355,3780.849853515625,150.57901000976562,nan,nan,-0.521298622831289,-2.4684327818065723,-0.7904131260881229,-0.6034309345605978,-1.141186416782049,9.229065068504166,0.17099763760633005,1.5479490328800023,0.03418596567673617,-0.32510339222070817,-1.1752647057974646,1.7173512621187,32.06784753617275
11,12,0.012000000104308128,3590.5009765625,152.07701110839844,nan,nan,-0.6136539791760914,-3.139991030926751,-0.6125798040128649,-0.47724142657193225,-1.1162132946898402,9.233809769245049,-0.00828905976979344,1.4533826139608756,0.09273030344431046,-0.4576949179732634,-1.0761506809969366,1.6144847525469033,31.953643981937642
12,13,0.013000000268220901,3405.31103515625,152.99200439453125,nan,nan,-0.5253393585573992,-3.781775767821256,-0.46244500084036766,-0.4763743036175793,-1.151763571197909,9.297009114541735,-0.13545906814498448,1.512537398004323,0.04520274525452393,-0.34408067798402464,-1.0218149144253095,1.5103085020008222,31.24345643149745
13,14,0.014000000432133675,3228.471923828125,156.20799255371094,nan,nan,-0.5735427889164321,-4.355313527526805,-0.35742105168875055,-0.3473874595683155,-1.139698118817751,9.321597085131538,-0.2422622872802284,1.413470963695928,0.09377814438394087,-0.46472850728014464,-0.9545018755236007,1.3845671453529222,31.083035008243268
14,15,0.014999999664723873,3064.37158203125,157.38900756835938,nan,nan,-0.4718355169671824,-4.88878478628442,-0.24734105401504738,-0.27231618376860633,-1.144027277045842,9.317597712529176,-0.31687637880603686,1.4350463669176359,0.06121559568338668,-0.390898725236301,-0.9565760535935239,1.2863167664413744,30.38212585580512
15,16,0.01600000075995922,2919.599853515625,158.97500610351562,nan,nan,-0.4728966531202009,-5.353437083755906,-0.15605747616368162,-0.12605545843977775,-1.1336845116567376,9.324232779519834,-0.3863385399103812,1.3523608470302886,0.10765656734255787,-0.4551789550502402,-0.9583575056239748,1.180551737607705,30.136822691592535
16,17,0.017000000923871994,2796.59033203125,159.56900024414062,nan,nan,-0.3428648891409046,-5.730017691996527,-0.061312847205877374,-0.022058163456061396,-1.1254437931148888,9.233004415401606,-0.4147905072955942,1.3696520299538353,0.07325750314513042,-0.3671978067724234,-1.0084142840875525,1.0931838435994423,29.241980661628922
17,18,0.017999999225139618,2698.251953125,159.27700805664062,nan,nan,-0.3347979508838937,-6.1011590338127295,0.015236693182396089,0.1554264608129759,-1.1140893597405825,9.222392535131766,-0.4455253291959042,1.272276807665728,0.1187363967156196,-0.44261334445816947,-1.0476346656153985,1.002156412551491,29.072966032539767
18,19,0.01899999938905239,2628.2421875,159.7360076904297,nan,nan,-0.1764003308778318,-6.312350276087869,0.10085041430775527,0.2739170570632381,-1.077303278499155,9.047121797579546,-0.433089096790842,1.3070367179053093,0.0728590680989779,-0.3714410168847583,-1.1152235303771036,0.9407309923652937,27.993134522745308
19,20,0.019999999552965164,2587.873779296875,160.6160125732422,nan,nan,-0.10736743929742892,-6.546502487991869,0.17493986766166106,0.44601400093895327,-1.052297406119721,8.968154452006004,-0.4220547211812782,1.2548262663232543,0.09153623057224798,-0.4235699752191638,-1.1783325404229186,0.8796624112516274,27.604515956223924
20,21,0.020999999716877937,2575.562255859375,161.03199768066406,nan,nan,0.05970761228453187,-6.547779338481812,0.2852540098129058,0.5764898486688423,-0.9653338018797295,8.699133437482566,-0.3906049289782248,1.3175241691202706,0.04148965025104669,-0.3380946285171844,-1.2572738977025586,0.8738852068928776,26.252819555105745
21,22,0.02199999988079071,2590.42529296875,160.78001403808594,nan,nan,0.11640917278081957,-6.694638418373893,0.3712629188927274,0.7625746920421809,-0.920278508093765,8.65637414191292,-0.3659241539460013,1.258467935152837,0.07073215835331412,-0.43090655998378063,-1.3132625483390963,0.8455453081440654,26.0715679944227
22,23,0.023000000044703484,2633.7265625,160.56700134277344,nan,nan,0.3220436742655157,-6.433013998843384,0.5308526829923634,0.8991534606335443,-0.743354949228287,8.2740758184524,-0.3247563736456219,1.3964782548717147,-0.013319474757065335,-0.3161979891279961,-1.3912398451169632,0.9043903342988423,24.26127791739992
23,24,0.024000000208616257,2701.1396484375,160.49200439453125,nan,nan,0.44475138254959445,-6.315973039274592,0.6769575549172219,1.087447828540155,-0.599796862026228,8.132374778087584,-0.29728397826354985,1.4423950621445623,-0.02341497066047521,-0.3579432148126413,-1.4511611659136638,0.9558655993026379,23.55536175011233
24,25,0.02500000037252903,2786.64697265625,160.4650115966797,nan,nan,0.6499364186877299,-5.7226360515291965,0.9037786201292705,1.2251066629024672,-0.2842200649673779,7.681919597840622,-0.2797200686190555,1.6874095496507684,-0.11977114843233805,-0.23412335634827858,-1.4920260969639636,1.103709449509231,21.28036991347756
25,26,0.026000000536441803,2886.232177734375,159.9219970703125,nan,nan,0.7589661389579926,-5.416738433778155,1.0952754114004661,1.4200361568922926,-0.05794562142027939,7.609238372322437,-0.27599458130414356,1.7963228862440772,-0.11997292603472717,-0.28939094033827834,-1.5145845028672194,1.2056204273624378,20.567635031290465
26,27,0.027000000700354576,2998.431396484375,159.7939910888672,nan,nan,1.020492596950368,-4.403469758894741,1.4373093994085988,1.5841332970147937,0.4874142732312054,7.072623750926634,-0.3261575616551251,2.2199049073554544,-0.24434312740496641,-0.15735718081849803,-1.5314102024047265,1.4992782915362732,17.647070820197087
27,28,0.02800000086426735,3118.745849609375,159.49301147460938,nan,nan,1.2207190718750187,-3.570049765817206,1.7619430577504547,1.7871579250544989,0.9948227571414195,6.865247569013531,-0.40357631953207707,2.5637912941910908,-0.2880155032361372,-0.154190864151694,-1.5195794393721458,1.77151208215249,15.872661310862144
28,29,0.028999999165534973,3239.704833984375,158.92100524902344,nan,nan,1.4310796011473734,-2.1424049066164796,2.163407233339071,1.9342455771135485,1.7758301331027535,6.362338908237715,-0.5208872767859456,3.137044751761874,-0.4410692405094794,-0.012290540771203267,-1.3825015734813864,2.1630936612868816,12.269644763068484
29,30,0.029999999329447746,3357.26953125,158.50401306152344,nan,nan,1.5973912958347682,-1.2331867403212036,2.46674478484312,2.1210397999101382,2.3459952467098355,6.299891466639078,-0.6197516100130189,3.5002722819670202,-0.45165409516632365,-0.027240111310863516,-1.2740226920859725,2.473019317583378,10.594667051404537
30,31,0.03099999949336052,3471.375732421875,158.5430145263672,nan,nan,1.6335101510069314,-0.3026743636591933,2.66803663118771,2.2610667160457045,2.864771956114879,5.93445105884871,-0.573471340903553,3.872274346868573,-0.6376170033038859,0.08002023664445124,-0.981872867965295,2.7303746561950897,7.716032758826986
31,32,0.03200000151991844,3578.791748046875,159.07701110839844,nan,nan,1.5700152204593365,-0.31493646798803554,2.663900269816082,2.432921918614824,2.90371008944422,6.026002124840762,-0.40546957563822605,3.8587960350166473,-0.6731849897284308,0.05190534912402395,-0.7487381439090187,2.7584478391455907,7.356262281727421
32,33,0.032999999821186066,3674.820556640625,158.69000244140625,nan,nan,1.1735527795706706,-1.47109940648838,2.3108535810817203,2.5876847688429576,2.206376015408437,5.9913175942456105,0.1333103533124376,3.3962333205249675,-0.8386503196729309,0.07865603969147673,-0.4109049888930788,2.339577265459894,8.004508125984705
33,34,0.03400000184774399,3757.947998046875,158.2689971923828,nan,nan,0.9176118338276901,-2.8421274723468635,2.0063020790422015,2.774207464841805,1.45949184687149,6.259258175954666,0.5436857016942958,2.855363694684161,-0.7788901111230008,0.026940448956939648,-0.2869919598703886,1.9366555415971856,10.125617926150566
34,35,0.03500000014901161,3828.457763671875,158.27099609375,nan,nan,0.38658430216922596,-5.089413003567277,1.5113536301146193,2.983751689247855,0.13270188787532886,6.239924634208292,1.202616313740104,2.0306237630923873,-0.8616651963645754,0.06203321065484645,-0.1697939644023377,1.1102067203691404,12.812161604868434
35,36,0.035999998450279236,3885.453369140625,159.94000244140625,nan,nan,0.3143205560413928,-6.240157319615603,1.3706851457355702,3.1932711002912604,-0.45648031355259155,6.327975735923905,1.4220689734074454,1.609443414693189,-0.682260870205379,0.08392270607557391,-0.2906433221457131,0.7918924833663427,14.766291574996028
36,37,0.03700000047683716,3930.421142578125,159.3140106201172,nan,nan,-0.07242753149189912,-8.154981739766482,1.0794610052730322,3.436515709760068,-1.5426558253741671,6.121774000127532,1.8693250706545395,0.9595896162281959,-0.6976056218891368,0.19196711194921684,-0.3782127809143359,0.0506871247944492,17.06572244476379
37,38,0.03799999877810478,3963.6796875,159.66099548339844,nan,nan,-0.007194082894644844,-8.889866896875496,1.1053339202588652,3.678377826814546,-1.8663002273216776,5.996334235427551,1.9482309865132126,0.6927099633478495,-0.5000253775467468,0.30482443506489476,-0.6236046586343157,-0.13673868019065233,18.23145897148524
38,39,0.039000000804662704,3984.247314453125,160.79600524902344,nan,nan,-0.1837556439715102,-10.251187738456206,1.0449780133397641,4.009125503862462,-2.5855843480359324,5.639669192897392,2.1980801241882717,0.24197228331911816,-0.464384213645272,0.49804105925705017,-0.8675536333438978,-0.7048969207557926,19.75548378784552
39,40,0.03999999910593033,3994.09228515625,162.67800903320312,nan,nan,-0.04574546303062717,-10.765149344692032,1.178110382549829,4.346480667625625,-2.7825236126128226,5.406450535176986,2.246689445516211,0.018752649217518687,-0.29590087190302033,0.6840933588170368,-1.173318806239534,-0.8555811544523007,20.454640705483992
40,41,0.04100000113248825,3992.297119140625,162.7259979248047,nan,nan,-0.019479724773696003,-11.527254760696247,1.2846304848158296,4.7765833370259685,-3.1337353699692816,5.126546647729228,2.357123346424653,-0.2989418764310928,-0.20335501057494004,0.9321989514114046,-1.4554586909669494,-1.2358970904309587,21.289562563827577
41,42,0.041999999433755875,3983.9541015625,163.11199951171875,nan,nan,0.2782244399071016,-11.549311507233792,1.5271264643365852,5.183619676111256,-3.048134511577981,4.992954783724585,2.3517917061168525,-0.4401891083866448,-0.022728746010449337,1.125311669536112,-1.764705045104656,-1.1795363510886419,21.40037770396861
42,43,0.0430000014603138,3976.8212890625,163.41400146484375,nan,nan,0.4122625044815876,-12.037146497967315,1.6963957709006376,5.734262864748168,-3.242515996533821,4.873274216733175,2.4346869239792404,-0.7476444431349644,0.06690522450280835,1.4037582046334072,-2.0178049761077723,-1.5109314380561185,21.990349451378293
43,44,0.04399999976158142,3971.873046875,164.48199462890625,nan,nan,0.7151449169484063,-11.889043941576979,1.9321514644154734,6.163611145691309,-3.068559386156157,4.863155164647083,2.4557277647455833,-0.8947019428081324,0.1821301000469239,1.5706643874513209,-2.2569166603871946,-1.406958100405851,21.875626274732305
44,45,0.04500000178813934,3972.367431640625,165.1300048828125,nan,nan,0.9344089472485082,-12.02373971940778,2.0979807824139387,6.698745941754708,-3.0350321490876913,4.990460942752569,2.4684862226530395,-1.140281072628967,0.2594447905358669,1.8084415725410474,-2.402717437172858,-1.6263906345544392,22.183394754745546
45,46,0.04600000008940697,3980.901611328125,165.6020050048828,nan,nan,1.1875156927353865,-11.7761323306602,2.264747035094593,7.052441978442207,-2.7879734217217833,5.107099700607539,2.489190841681115,-1.2727580000745622,0.2938254893801793,1.9162703874033633,-2.543382342469394,-1.49881439827854,21.947903949394693
46,47,0.04699999839067459,3998.777587890625,165.89700317382812,nan,nan,1.4394393028139918,-11.585685653905285,2.366827677370843,7.42009377163792,-2.520184183940109,5.430295653328345,2.397322342579317,-1.4018009450047673,0.3375688533241378,2.052049043066886,-2.565148912490341,-1.5786071956976666,21.986298720804214
47,48,0.04800000041723251,4028.46484375,166.5170135498047,nan,nan,1.6258925397186414,-11.23605562429469,2.4380969608357383,7.591411741792318,-2.175014507874756,5.637583566021115,2.365926088869144,-1.4760895315078981,0.30105372601440006,2.0760962265811735,-2.602416895045876,-1.4154722959418704,21.640260029261523
48,49,0.04899999871850014,4070.339111328125,166.7570037841797,nan,nan,1.8687639569786567,-10.795015199317806,2.454833631914754,7.703005915007953,-1.7238650621702198,6.062591252016519,2.153816110649386,-1.4710579235668337,0.2991681073114195,2.088755235260154,-2.5188731558692776,-1.3761725790095796,21.47336564120906
49,50,0.05000000074505806,4125.193359375,166.90699768066406,nan,nan,1.9703304330864293,-10.385672000765931,2.4366818814938984,7.652850466692923,-1.3108067500886207,6.270045434831215,2.071903589527225,-1.4804475876684584,0.20834109519763103,2.0270524087930433,-2.496848496240107,-1.1592861961674172,21.015479586462934
50,51,0.050999999046325684,4194.81298828125,167.16500854492188,nan,nan,2.202837636326456,-9.7716515755337,2.3811113086038747,7.510313453750118,-0.7471436250027738,6.694377570242771,1.7373447224118612,-1.3515869924455062,0.1930589775835964,1.9475020577152637,-2.360795264801243,-1.028968766573898,20.70848581322324
51,52,0.052000001072883606,4278.32177734375,167.1420135498047,nan,nan,2.283915124314091,-9.298985265907573,2.3068969765838996,7.288172064424611,-0.28192514487928366,6.910889884292176,1.5422119107782877,-1.2734781193512636,0.11278255049502697,1.8381382911577966,-2.296837215042276,-0.8145676402995101,20.256500474279452
52,53,0.05299999937415123,4371.283203125,167.2620086669922,nan,nan,2.5264368286661116,-8.547474293659977,2.20339213043586,6.928133106626815,0.34278543720094085,7.2909324991480835,1.071495984004412,-1.0220167857004077,0.12064036089711495,1.6905319460375328,-2.1343362641736103,-0.6205699125047599,19.881671212752952
53,54,0.05400000140070915,4469.640625,167.1699981689453,nan,nan,2.6218919735915818,-8.023454807144928,2.089313186352455,6.558977633374556,0.8247347739313877,7.464948394241335,0.7565252421049617,-0.8587692000376453,0.08832808945984949,1.556294618180653,-2.056370558825168,-0.39176996152222004,19.461027412068454
54,55,0.054999999701976776,4567.8720703125,167.58700561523438,nan,nan,2.8053004208552133,-7.328140904975717,1.9609859868775876,6.082483363612713,1.358547094965226,7.664864966213816,0.2811229228839519,-0.5857465768505661,0.1236726509836692,1.3979875249653653,-1.9338660531463385,-0.16368647671048708,19.044668567405154
55,56,0.0560000017285347,4667.43994140625,167.46099853515625,nan,nan,2.8647646120619603,-6.8657918968343195,1.8125132057066538,5.635967161931199,1.7613394998398506,7.7464685119849435,-0.06880056030736785,-0.4018463147925397,0.1431858397765846,1.274134466083911,-1.8516743568541374,0.053501673226663354,18.67209062030578
56,57,0.05700000002980232,4765.65576171875,167.10800170898438,nan,nan,3.053320382600675,-6.196278686153934,1.6564278843184437,5.080718157054722,2.1888292778134186,7.819274624658592,-0.5750334212199256,-0.1070311436647159,0.22900148315092267,1.1168640559371754,-1.739778632137784,0.29070231898948085,18.32225689276764
57,58,0.057999998331069946,4858.23193359375,167.50601196289062,nan,nan,2.975165442576503,-6.059224635954988,1.4943603330315425,4.699772832535713,2.369232956586078,7.743055657652852,-0.7617543521612012,-0.031041408115708973,0.2587918639463703,1.0461007172021197,-1.6961762806584397,0.44930129255124485,18.10747468751047
58,59,0.05900000035762787,4951.01025390625,167.55601501464844,nan,nan,3.0928640284708986,-5.602674464614817,1.2979879084160701,4.147182328284457,2.59776547641806,7.69509709752947,-1.1797241589789178,0.19138515055101646,0.3561890676319496,0.9165256761500564,-1.5837709683200247,0.6409952058956471,17.95932969597015
59,60,0.05999999865889549,5043.71728515625,167.80699157714844,nan,nan,3.0075942097930626,-5.603085931130747,1.1085544299112071,3.770679984299771,2.6198017840886068,7.544092928545372,-1.3185834047336917,0.23808305693806103,0.4089936829118483,0.8534954815350217,-1.523190325527068,0.7548381843100104,17.961695530060737
60,61,0.061000000685453415,5132.9091796875,168.30101013183594,nan,nan,3.105546870595298,-5.326365411909504,0.8630539538367679,3.2186110085333857,2.621963924879886,7.387848916461347,-1.6370432191571116,0.390545586560315,0.5062789881658445,0.7205407315812912,-1.4058613268509799,0.8937655403462402,18.08947629434737
61,62,0.06199999898672104,5214.8486328125,168.86900329589844,nan,nan,2.959659898272592,-5.56943512351006,0.6491119340160241,2.9023258634883153,2.4453378983415672,7.166518750992763,-1.6338314543476726,0.3579984383548168,0.5481144114030816,0.6674149691426942,-1.3357557944472764,0.9363241448279691,18.343498957653075
62,63,0.06300000101327896,5290.3583984375,168.62600708007812,nan,nan,2.957674168476305,-5.618350836067114,0.36308763949005024,2.442401344141423,2.2038997406829144,6.924901757743823,-1.7431801261676223,0.37856268265360904,0.6014413065255432,0.5463125814460426,-1.224882684452614,0.9913945480442523,18.754510356821264
63,64,0.06400000303983688,5362.60693359375,169.875,nan,nan,2.8607026546828576,-5.923339107459728,0.11133109918903579,2.124032316601133,1.871403194150145,6.638589627833909,-1.684763314442749,0.31796922994573973,0.6324706937085735,0.4599477788236309,-1.1527515907515433,1.0044396530029749,19.222308489146272
64,65,0.06499999761581421,5425.51220703125,169.91000366210938,nan,nan,2.825246333719748,-6.155098517850126,-0.2085917238069745,1.7345774892152608,1.4316375416107394,6.3302119847609255,-1.6428299511720577,0.2503559258163864,0.6651296745902291,0.3320163118876951,-1.0610953067932674,1.0000637132588104,19.827786855203318
65,66,0.06599999964237213,5478.80322265625,170.0030059814453,nan,nan,2.6144793273935893,-6.67417985158402,-0.4100560155978248,1.580060150559917,1.0270222405447482,6.025673497807414,-1.4073937929418638,0.1511482742280865,0.6848470414651804,0.27621595610863414,-1.002447172906031,0.9607195668556737,20.244686461124108
66,67,0.06700000166893005,5534.1708984375,171.10699462890625,nan,nan,2.599182218829378,-6.9686024042984505,-0.7135414930554088,1.2895053373146745,0.4842385396115337,5.654504244162501,-1.2485012698877254,0.04157041404235516,0.7078184704173993,0.145702328029963,-0.9589953693175957,0.9494003099595947,20.849287878494355
67,68,0.06800000369548798,5593.22998046875,172.781005859375,nan,nan,2.485053197500226,-7.369362880742213,-0.9063902896049926,1.151760123186318,0.011967675342908513,5.297687716275641,-0.9774293607006789,-0.06191537978248276,0.7530278713747022,0.07641391817651189,-0.9281002284282792,0.9305657799632585,21.197334224906506
68,69,0.0689999982714653,5651.591796875,171.2449951171875,nan,nan,2.5449715650707154,-7.571640947615215,-1.1774201006728922,0.9577792652698213,-0.5545817459964218,4.889448252266339,-0.7480690349849218,-0.20611446210840606,0.7734980082704926,-0.03540359196758748,-0.9470187880450073,0.9542209630480412,21.65479689193558
69,70,0.07000000029802322,5707.73779296875,172.03500366210938,nan,nan,2.5075356864494287,-7.8360172049367804,-1.293947501121946,0.9073918889930414,-0.9817450769461731,4.5171721439588834,-0.43883943639124595,-0.30701412433047,0.852744585281347,-0.06930165348844675,-0.963913821930704,0.9796133490060165,21.75854415048652
70,71,0.07100000232458115,5764.2734375,171.61801147460938,nan,nan,2.6418131782603695,-7.917267001155705,-1.4889479504432894,0.8332741710128881,-1.5114644299563462,4.136065422173455,-0.15425879317628916,-0.5046769634649185,0.8984904981284708,-0.12419313513521825,-1.045392917614929,1.0261359494117561,22.038207030928888
71,72,0.07199999690055847,5822.248046875,172.83299255371094,nan,nan,2.7133186251403987,-8.001225223052815,-1.5502826064396307,0.8496840254199896,-1.8939315091414968,3.8034862249945394,0.16171163661466534,-0.6458853091085274,1.0036726586108191,-0.12036622712226155,-1.1101482716207103,1.0829849393368554,22.00384327373762
72,73,0.0729999989271164,5879.01611328125,173.39500427246094,nan,nan,2.927875918098982,-7.942213581310834,-1.6632305246212051,0.912359021098733,-2.328999179731594,3.5085661230118674,0.44851441151632143,-0.8909369486024311,1.0318525701927996,-0.12051354605819072,-1.262355501802042,1.1509658191770786,22.163992836147496
73,74,0.07400000095367432,5932.603515625,173.98899841308594,nan,nan,3.044227935991368,-7.916821864757412,-1.6522118783162998,1.0090838099117108,-2.6124963228094673,3.274032116769511,0.7459181795832553,-1.043367393743764,1.1358774216937277,-0.08472621284211067,-1.3521925785500912,1.21569422195216,22.02823062731913
74,75,0.07500000298023224,5983.7470703125,175.26400756835938,nan,nan,3.252313687411793,-7.797786156331089,-1.680485403016783,1.1935415999661603,-2.9167782665550126,3.130641556169742,1.0061505675748426,-1.296311530001656,1.1235691767498834,-0.05186396231430306,-1.5277682301736186,1.259661841278564,22.118155365230102
75,76,0.07599999755620956,6033.42822265625,175.91500854492188,nan,nan,3.3668875764429376,-7.729802314387783,-1.6206652048725645,1.365947381395579,-3.106565172087463,3.0369692160104016,1.2490182761864121,-1.4528462494317111,1.1757896855801966,-0.012647796588934212,-1.6274548633300527,1.2944624129827298,22.00648397162966
76,77,0.07699999958276749,6079.5947265625,176.0489959716797,nan,nan,3.5171936581385927,-7.599132022655434,-1.5922961626096324,1.6580874482301389,-3.286768879797859,3.08112388807953,1.4450629298200754,-1.7004170185507321,1.083040990060845,0.030340322489927095,-1.7970285146352283,1.2861477244201145,22.106997051439766
77,78,0.07800000160932541,6119.97998046875,176.22300720214844,nan,nan,3.5585802304545306,-7.5690272575054625,-1.4964143853158405,1.8539111203322383,-3.3720429947124804,3.120379879036477,1.623158479981803,-1.8097978416691085,1.11723691659371,0.057524621717924086,-1.8526926086795599,1.2782153994956833,21.98209359633723
78,79,0.07900000363588333,6158.927734375,177.8459930419922,nan,nan,3.608774547947839,-7.484664954059202,-1.4197301252027976,2.1968527942649607,-3.41822733806815,3.307273641801154,1.7481180253626118,-1.9969301840397615,0.9643729253256753,0.09203936734048093,-1.9867803780537177,1.2142865235779876,22.05497125702653
79,80,0.07999999821186066,6198.7216796875,178.468994140625,nan,nan,3.5839827210943307,-7.473816717963748,-1.3133132238579075,2.4310843357722267,-3.412074488563658,3.461329097733283,1.8488308518856638,-2.069577167230981,0.9328498059789548,0.10799945691883768,-2.0249082224537185,1.1602004807848034,21.955334003726705
80,81,0.08100000023841858,6236.51220703125,178.00100708007812,nan,nan,3.5159093803823382,-7.3974997616492,-1.2222410071773653,2.7987131632703517,-3.337941568969547,3.7764556751491947,1.8947905048923694,-2.197119878579545,0.7301686959034389,0.1511113454643732,-2.105307748682536,1.045936111418003,21.943696034424452
81,82,0.0820000022649765,6271.1015625,177.28001403808594,nan,nan,3.399587109259197,-7.3958533376982905,-1.1293972057630124,3.004661784178712,-3.2479065059442274,4.003826046039479,1.920359394119045,-2.20640784652273,0.6904884773568338,0.169523136961793,-2.0814923344136558,0.9649690729665952,21.773966331905097
82,83,0.08299999684095383,6303.1279296875,179.2100067138672,nan,nan,3.2599202236437046,-7.345413041153112,-1.025959905040075,3.3103417241292226,-3.073339761473568,4.319423727123142,1.9014845457970224,-2.223871815074385,0.5231169254781847,0.21014456287324906,-2.0981053748409666,0.8616998500417533,21.62049851119673
83,84,0.08399999886751175,6338.0244140625,177.9530029296875,nan,nan,3.0877009189263234,-7.335953603830804,-0.9464793710151026,3.4683862825863594,-2.9103236962535903,4.56499733477775,1.870175781316765,-2.1627160332626096,0.49278774428708005,0.23493311230674638,-2.0173100671144533,0.785826336422375,21.35938779231784
84,85,0.08500000089406967,6375.8427734375,180.06100463867188,nan,nan,2.877242330976446,-7.258389640983344,-0.8562974793742186,3.7216924352759877,-2.641441393053999,4.90707573125575,1.804499402228711,-2.118148774717607,0.3250912023873427,0.30041319558702956,-1.96694026287478,0.6963506495467793,21.04564795593845
85,86,0.0860000029206276,6413.1279296875,178.83200073242188,nan,nan,2.6919635426527586,-7.2532006411533105,-0.8269943024365971,3.7233870565771507,-2.4750917526238623,5.083553445656058,1.7451219389656494,-1.9880901990241941,0.42985888759440616,0.32262509814658846,-1.7869390891673727,0.6689751913303875,20.668793667904716
86,87,0.08699999749660492,6460.62646484375,180.46200561523438,nan,nan,2.4672340196435907,-7.1511609280736845,-0.7704434384501269,3.871657402500067,-2.158271052619605,5.375883674085585,1.6738175017353223,-1.9045626913492428,0.3032418644997401,0.40915514017166854,-1.6809495054549815,0.63129851425015,20.221452198829304
87,88,0.08799999952316284,6517.70556640625,180.3719940185547,nan,nan,2.2816756612992233,-7.091000501590457,-0.7674625654178625,3.864475775348635,-1.926476440365822,5.54666306530738,1.619594473972029,-1.7933577223878663,0.3462304136025476,0.467580612143065,-1.5139716891111774,0.6501565169409779,19.743553351692714
88,89,0.08900000154972076,6572.3818359375,182.0699920654297,nan,nan,2.1103245290947994,-6.997746678773188,-0.754640039607691,3.9150630022801454,-1.626741295761761,5.726024998291133,1.6052375939177368,-1.7196229163678483,0.26929188551444544,0.5580419524219465,-1.4109127811753512,0.69984997368508,19.2139353523425
89,90,0.09000000357627869,6623.60107421875,180.13999938964844,nan,nan,1.993764921569635,-6.951268984751542,-0.8211332498641465,3.819044353864893,-1.4691365594389267,5.7882231318350135,1.6084338209012239,-1.6441198434534363,0.3870270124107377,0.6080269444169949,-1.24788994842256,0.7987526140560913,18.71880988033582
90,91,0.09099999815225601,6675.408203125,181.45401000976562,nan,nan,1.8909124551961225,-6.913114459865963,-0.8645629625210459,3.8128547291166015,-1.2517059313706933,5.84808412906598,1.6930697504140892,-1.6309057845215804,0.3300547954111213,0.6832890876133519,-1.198450893713353,0.9279790030425716,18.19951466024695
91,92,0.09200000017881393,6725.5673828125,182.65699768066406,nan,nan,1.8551886670781517,-6.905378609418388,-0.9654420433011303,3.731246642603038,-1.1735771512108253,5.8259465493877824,1.79973183526512,-1.6273510634221096,0.4079219069768099,0.707897324662846,-1.1303434161422898,1.0900917801505505,17.760662105447114
92,93,0.09300000220537186,6767.5146484375,181.58799743652344,nan,nan,1.8017088828812855,-6.949296035249055,-1.0488394478650014,3.7032410169963224,-1.0792959317945516,5.8016505101778515,2.009360712577636,-1.680379291424557,0.3414246774939074,0.7472333067952562,-1.1429183027835161,1.2551086117483679,17.33429528343771
93,94,0.09399999678134918,6797.02099609375,181.5749969482422,nan,nan,1.795995485926978,-7.000595642714385,-1.1911633028574797,3.6215625247985654,-1.1159625035652598,5.742518626384624,2.199556920279978,-1.7245228689033492,0.4275119421512571,0.738729714717505,-1.1140816654876837,1.4233268800023413,17.00853638921112
94,95,0.0949999988079071,6814.44580078125,183.2259979248047,nan,nan,1.8070762289488822,-7.148123964585835,-1.2598133538792775,3.612241404439217,-1.1188619678435585,5.653381105721154,2.4869431408694433,-1.8086952901245428,0.36770778350759437,0.7470047694372036,-1.213835284786694,1.576600568223464,16.777343631353887
95,96,0.09600000083446503,6817.70458984375,183.9949951171875,nan,nan,1.8301807431769501,-7.282260762712835,-1.3680055000968208,3.5916572342644923,-1.207360549131518,5.586903220102721,2.7401403286073336,-1.8821202120695093,0.4221646253826286,0.7319779933773702,-1.2607457714066235,1.7065401359409813,16.625634897130237
96,97,0.09700000286102295,6800.06201171875,184.56199645996094,nan,nan,1.8322800607678336,-7.521655492166419,-1.4042248321625446,3.6252143889643578,-1.2732178422371236,5.533589298419598,3.0643931562277746,-1.9774964635979757,0.38709335054292204,0.7422151120704491,-1.3756805470861813,1.774387565287091,16.599082850686155
97,98,0.09799999743700027,6760.10791015625,185.00999450683594,nan,nan,1.8613885419565104,-7.714732266786538,-1.4700631026751816,3.6834298541340234,-1.3845009453413293,5.532636408957537,3.3097166178540127,-2.0386216054913318,0.4836458336712949,0.7360946973805904,-1.4325484326039957,1.8191975228760966,16.63225419398118
98,99,0.0989999994635582,6701.240234375,186.13800048828125,nan,nan,1.8613816766180937,-8.00191578108527,-1.4463455855904221,3.7946969232761494,-1.4606125625597963,5.575831799220572,3.590992806798289,-2.1017705639165585,0.5240986164780576,0.760794614263866,-1.526534940693893,1.7762258547828154,16.79366967868692
99,100,0.10000000149011612,6629.966796875,187.21099853515625,nan,nan,1.8844775847272597,-8.236889717608749,-1.4267614593293547,3.9606702490550654,-1.5413848848375136,5.694755819991349,3.800280411994174,-2.135798542063568,0.6592239917657663,0.7830800457789039,-1.56037340013535,1.7127239409164772,16.97940681393242
100,101,0.10100000351667404,6548.984375,187.5030059814453,nan,nan,1.869813004891368,-8.55264921371442,-1.31514047116386,4.136701652584524,-1.575373307135326,5.843140360618858,4.008562926796621,-2.1609061927497755,0.7677251533966466,0.8470937955564355,-1.5980125875212543,1.5593373512368733,17.253590979771054
101,102,0.10199999809265137,6462.2880859375,188.5489959716797,nan,nan,1.8903546813896837,-8.791744444993997,-1.2267943680121542,4.381445336175362,-1.610719771423734,6.052498771306465,4.144119329467575,-2.1618560917524308,0.9685389584762999,0.9123727773807303,-1.577180707237858,1.4236312415842913,17.51071544409085
102,103,0.10300000011920929,6378.58837890625,189.06500244140625,nan,nan,1.86445613694031,-9.084177038051216,-1.0615189900494797,4.575490801986723,-1.5864085005195614,6.247453246044568,4.2412646693052976,-2.1429800049533494,1.1419889720501348,1.011325447564502,-1.541101978409106,1.2139807909889355,17.79129732878484
103,104,0.10400000214576721,6308.4775390625,189.6479949951172,nan,nan,1.8920840728849528,-9.281975560847728,-0.9402203761167616,4.817856040609962,-1.5639650719618898,6.449530544411961,4.278389018777573,-2.1068042872130492,1.3851426665701905,1.1023281677126109,-1.4746486372172884,1.0676736234742321,17.993717129133316
104,105,0.10499999672174454,6261.84423828125,190.11700439453125,nan,nan,1.8622317546247964,-9.531312626796486,-0.7599293342524702,4.918434719715075,-1.4775512638943484,6.570813227281612,4.243303171219213,-2.0551891246358855,1.5928794809346698,1.2279063381224613,-1.3925192811043472,0.8557646109570058,18.191196725249874
105,106,0.10599999874830246,6242.48681640625,190.4510040283203,nan,nan,1.90747980708428,-9.668597688644805,-0.6431615212596175,5.085074672017713,-1.4045440680431935,6.67037560576326,4.177514313256489,-1.996148794461138,1.8417655053788775,1.3266496952909848,-1.3251365130632147,0.744227353957326,18.279575396880514
106,107,0.10700000077486038,6254.796875,189.9810028076172,nan,nan,1.8855079936472878,-9.818713548800604,-0.5023739603230026,5.048851892463923,-1.2858839754949007,6.657139376474503,4.026627974272215,-1.933667596650812,2.038792495689118,1.445571494086572,-1.23633094682724,0.582662594642676,18.320581901124633
107,108,0.1080000028014183,6300.5556640625,189.9340057373047,nan,nan,1.9389999004453675,-9.858082272750917,-0.4150894755343442,5.074430157260755,-1.1727760464068042,6.62230059735248,3.868099526533122,-1.8694093620377492,2.2459049767129264,1.5322516137507567,-1.1868274403408345,0.5166026326383207,18.254857513257576
108,109,0.10899999737739563,6374.22802734375,189.22300720214844,nan,nan,1.944303350017858,-9.864957608309362,-0.33598172922964836,4.904353971299683,-1.0271746252965344,6.479921818606729,3.6231173691601475,-1.8059270796794962,2.407869552226648,1.6237820168090356,-1.1267736310196865,0.42374298918783226,18.1185830247441
109,110,0.10999999940395355,6472.052734375,187.82701110839844,nan,nan,2.0481150216404034,-9.77698582631918,-0.30099307051045804,4.867609321314377,-0.9010014008927303,6.359850867380887,3.4206494410208066,-1.7458140099677115,2.5736720664822115,1.6714877011609717,-1.1301940138160331,0.43379044699344965,17.914450978663155
110,111,0.11100000143051147,6592.14990234375,188.3730010986328,nan,nan,2.084863150786734,-9.635837149943173,-0.2818597959966468,4.59614018103039,-0.7486339087346481,6.138828726983262,3.105593853076456,-1.6955752735263183,2.698450014587776,1.7316703931270863,-1.1094443840482755,0.39780218418017854,17.641944674083938
111,112,0.1120000034570694,6726.89599609375,187.8820037841797,nan,nan,2.2231293570973727,-9.447624603693892,-0.2909186974785194,4.48911667049722,-0.6169289014003975,5.959019261338423,2.8642355077428046,-1.6547480547852416,2.8184482917668454,1.7470233174366108,-1.1658483786819067,0.45391014432519056,17.35252551751379
112,113,0.11299999803304672,6867.90625,186.531005859375,nan,nan,2.2802285956531994,-9.194333277152804,-0.33411366248894736,4.145521469998447,-0.4800670119582992,5.712207266547374,2.518320199658134,-1.637668347249286,2.9022321454968734,1.7750114411278817,-1.1706887886432291,0.4640680362206811,16.99931219837682
113,114,0.11400000005960464,7006.96240234375,184.6479949951172,nan,nan,2.402116585911103,-8.927838924234349,-0.38851376735507126,3.9254296619040177,-0.3688612254916064,5.48978217784201,2.2430841714575855,-1.6306455111360565,2.95934612869516,1.7637661266439517,-1.2354699837909138,0.5347984928029234,16.655860041220713
114,115,0.11500000208616257,7130.7763671875,184.53001403808594,nan,nan,2.4857165929279854,-8.643280986266292,-0.46733156602217774,3.600895707028724,-0.2952696024885301,5.226014902353312,1.9520707590069193,-1.6638062014321104,2.9653812218488893,1.7497964862394506,-1.2847323704435853,0.5947691706064777,16.332754389562343
115,116,0.11599999666213989,7237.48779296875,185.1630096435547,nan,nan,2.566952638839527,-8.357088967686852,-0.5620267381639162,3.286163586806977,-0.2582224861949024,4.966315023349059,1.6970022955043866,-1.7189638314991469,2.931921423444024,1.7176069752127032,-1.3454244425465947,0.6731063622720214,16.034807343992636
116,117,0.11699999868869781,7311.9482421875,183.67100524902344,nan,nan,2.645746924171559,-8.100565809681763,-0.666803551857592,3.0233248965804367,-0.2623853603445114,4.732608378499228,1.5052393126568775,-1.7985717680723836,2.8497952643148627,1.6583317272673377,-1.4170220788103756,0.7588494536662147,15.80005876277455
117,118,0.11800000071525574,7354.95068359375,183.1800079345703,nan,nan,2.6809857080651485,-7.83853732439965,-0.7850672884572713,2.730832481439194,-0.32147668452981876,4.508014818853401,1.3432417400406376,-1.9110011737117656,2.7201875215650007,1.5987098118650558,-1.4683279906149296,0.8259000087494426,15.61909127603049
118,119,0.11900000274181366,7360.0283203125,182.67300415039062,nan,nan,2.812678415505017,-7.727571700103088,-0.848426263006624,2.7287499115664597,-0.3588285193565278,4.320082484208531,1.3126920540394085,-1.9658041138420241,2.5562172127097087,1.4660450171920056,-1.6509194319546037,0.9432327238556257,15.541276998334707
119,120,0.11999999731779099,7350.31982421875,183.01800537109375,nan,nan,2.8276401165651883,-7.548332757385742,-0.9526196388512382,2.5724914909741314,-0.505698902045642,4.14516077539918,1.2990191688334976,-2.1207790493980196,2.3309576422645577,1.3848539876359613,-1.7340969693018142,1.0000043463114026,15.537138838632682
120,121,0.12099999934434891,7327.39453125,183.40899658203125,nan,nan,2.8632606164723144,-7.443891514631004,-1.0241733884232131,2.569841291182486,-0.6455338762946539,4.003088947930148,1.359337911961339,-2.2503602002256042,2.0711856185122333,1.2766549704675019,-1.8807883179518632,1.0562308460710967,15.595846940690667
121,122,0.12200000137090683,7275.2587890625,182.94400024414062,nan,nan,2.830103716608778,-7.300792759516083,-1.108355384785803,2.5658616072289138,-0.8853621060462161,3.9334669391088517,1.5038375965567212,-2.478003562707698,1.7545157358003562,1.2172741837007781,-1.9575417306127443,1.07567628582682,15.758086006388039
122,123,0.12300000339746475,7189.3583984375,184.0189971923828,nan,nan,2.8291874289008323,-7.265059328860015,-1.1509754993909456,2.734823651214105,-1.0400367459031061,3.877473457241287,1.6711433972275627,-2.622201315914608,1.4244692387920301,1.1204669249113925,-2.132114991017498,1.095849913198082,15.930970724676444
123,124,0.12399999797344208,7077.09423828125,183.89599609375,nan,nan,2.7796312438426387,-7.17912684753133,-1.1909645047410278,2.9358266943538256,-1.2682903363475162,3.9080415201181986,1.9140772209655401,-2.8509050141423717,1.0508944647649097,1.0772951265261772,-2.2445189004608634,1.090059982725986,16.186227801413104
124,125,0.125,6948.03369140625,184.44900512695312,nan,nan,2.7161861576194717,-7.172366509298611,-1.2149944201245784,3.2238462828677417,-1.4197470442498128,3.9591895819228116,2.146986189280158,-3.01529618277723,0.6723982450528578,1.0238334552237165,-2.3899532824739027,1.0706871407817002,16.4404107332014
125,126,0.12600000202655792,6802.6259765625,184.9449920654297,nan,nan,2.6361637249156864,-7.10259728054662,-1.217676400354954,3.569282083943253,-1.6373621265651763,4.117869310871045,2.455463609000893,-3.2544326677549447,0.28164702885001924,1.0315900686488637,-2.4566827908768136,1.0466804287861085,16.77835418100429
126,127,0.12700000405311584,6639.34130859375,185.7360076904297,nan,nan,2.5388593204649346,-7.151560842318117,-1.2118838933081557,3.943718824230417,-1.7132396405967865,4.247695806625795,2.67212942588108,-3.364444284287514,-0.09128258371334907,0.9953660935353024,-2.567377453438175,1.006691604428691,17.047362877841437
127,128,0.12800000607967377,6467.73828125,186.2480010986328,nan,nan,2.446126223284978,-7.145296229715248,-1.181897625381697,4.362727826505387,-1.8473506056821967,4.4868745376143035,2.9408038428527887,-3.537696175735743,-0.42884060795291024,1.0283809055169348,-2.589973521058655,0.9759600990114098,17.404390547088894
128,129,0.1289999932050705,6296.48779296875,186.48300170898438,nan,nan,2.3284969998730776,-7.2100374063016845,-1.1519848027913069,4.749423258680198,-1.8899743477903377,4.715046773714835,3.1255429628127316,-3.6190608393520463,-0.7376604875276265,1.0241312543914298,-2.60069343392364,0.9220401644802093,17.696602239795936
129,130,0.12999999523162842,6124.55810546875,187.5030059814453,nan,nan,2.2624094066465523,-7.234641050407474,-1.0796621089124216,5.150031891740429,-1.9565416411019585,5.000546227518236,3.319229866045427,-3.7086883327961866,-0.9587411552706805,1.0659136625297383,-2.548287087648785,0.902423293211503,18.03498063655863
130,131,0.13099999725818634,5954.0361328125,188.10400390625,nan,nan,2.1365852636361113,-7.367057089956695,-1.0345641252675797,5.448564897233942,-1.925580575648689,5.224560599980251,3.3966115492285613,-3.694246190441117,-1.1759204432653492,1.0325874934241632,-2.496395473942978,0.8281527623982575,18.274009008295838
131,132,0.13199999928474426,5796.19189453125,188.2100067138672,nan,nan,2.078835249993753,-7.428464164058643,-0.9357874933070918,5.7386834133409454,-1.9322714676510286,5.489349091074772,3.4869968159459757,-3.6745545709878082,-1.2764195622656977,1.042291792446531,-2.3709410359126077,0.8044979216554488,18.508485835371673
132,133,0.13300000131130219,5657.57177734375,187.87100219726562,nan,nan,1.9735253059240367,-7.545274517862317,-0.8610243307831726,5.9143764472229385,-1.8907546173059857,5.699439870790447,3.4876436007066904,-3.5827195808417773,-1.3742112691844877,0.983982302065739,-2.2279283940168906,0.7316320325442621,18.653767340111195
133,134,0.1340000033378601,5537.0146484375,189.1020050048828,nan,nan,1.958139213619509,-7.604241653211602,-0.7262807897201309,6.064777347323065,-1.860666084773413,5.877981343474194,3.4660550517806463,-3.4440150907456855,-1.3495947003477733,0.9490396727994288,-2.0530919290794167,0.7258324857063829,18.75046546814153
134,135,0.13500000536441803,5436.798828125,188.8560028076172,nan,nan,1.8677321133209792,-7.720441979077954,-0.6411809513824612,6.102744880471247,-1.80575051854539,6.012392648105217,3.3824545541542768,-3.278052671638308,-1.3793210960459343,0.8362731799636492,-1.8670119528200564,0.6432686472064106,18.781065651054313
135,136,0.13600000739097595,5363.0390625,188.8719940185547,nan,nan,1.8725704482525989,-7.722859104638905,-0.4957281501278552,6.099501275421818,-1.7501048421672278,6.10736002011508,3.2605222675269974,-3.056260331503142,-1.2541487999667678,0.7702244392728786,-1.6445157086085467,0.6448188697813246,18.693273540067306
136,137,0.13699999451637268,5317.28466796875,188.2670135498047,nan,nan,1.8211973939628434,-7.762572592901312,-0.402646923922104,6.023424992046608,-1.694235213608072,6.162151004997385,3.1114294219662963,-2.8477149651054656,-1.2030944553112706,0.6472623951773987,-1.4311656491290512,0.583873578386103,18.579675964620204
137,138,0.1379999965429306,5298.2763671875,187.67800903320312,nan,nan,1.8843320600397182,-7.673702773061408,-0.24483117183152472,5.922961258774901,-1.618273102988216,6.128253435939823,2.9077172660656747,-2.572394587483898,-0.9924445579545698,0.5897319259333865,-1.231639413190335,0.6315819567705462,18.320958637219068
138,139,0.13899999856948853,5303.892578125,186.52099609375,nan,nan,1.8889077238090497,-7.606991534294494,-0.1474306067944982,5.775048068862162,-1.5554372652940354,6.079616024727344,2.70759075591825,-2.351190618945524,-0.8891841714892849,0.48392279327432597,-1.0437930401899733,0.6071119826504724,18.067313819705472
139,140,0.14000000059604645,5332.54638671875,186.3300018310547,nan,nan,2.0082245956960603,-7.407502952454062,0.009493182399794945,5.603915945669464,-1.4587566287548663,5.901554014488179,2.4459145528676753,-2.0637213403243924,-0.632645365479584,0.4558157192311389,-0.9109670310385181,0.6980828598810517,17.64432922871387
140,141,0.14100000262260437,5382.0634765625,185.21200561523438,nan,nan,2.088293850255645,-7.213126295842414,0.11764954803447665,5.410576536914009,-1.382683260718552,5.716782577135148,2.2078819513252204,-1.842374432399313,-0.4818573241696717,0.3956260275984101,-0.7914306614118595,0.7333017180744755,17.248122977085767
141,142,0.1420000046491623,5446.43359375,184.33599853515625,nan,nan,2.2398938623925178,-6.925979063873904,0.2600276976044148,5.198311157088405,-1.284277094233147,5.413631423236431,1.9322881863495214,-1.574830560448875,-0.22911537928824643,0.3973792991284969,-0.7265373444411439,0.8568213936707731,16.714600895393424
142,143,0.14300000667572021,5522.5458984375,183.56700134277344,nan,nan,2.3499529578026332,-6.656864706817204,0.35705862120833853,4.979506020140684,-1.2172786537706917,5.143752907215884,1.700729913237686,-1.3854165602353044,-0.09086475396173029,0.36045408329992895,-0.6559368201857417,0.9163948524292697,16.24820178942784
143,144,0.14399999380111694,5606.12939453125,182.05999755859375,nan,nan,2.515675103780684,-6.3504288983725825,0.5002608672181454,4.79366844342791,-1.1328840325544958,4.749023650889636,1.4531401004032896,-1.1387951492091537,0.13753814263306754,0.397539251221158,-0.6678005454081077,1.0787942571309852,15.692899143714042
144,145,0.14499999582767487,5687.2744140625,180.7469940185547,nan,nan,2.6174542353404386,-6.092470056932755,0.5984880793539934,4.611027829105062,-1.093680285490279,4.443138435407703,1.2668474085871209,-0.9868990295988078,0.22183271922739334,0.37910477501831386,-0.6344209035132026,1.1508831928209031,15.268345193928294
145,146,0.1459999978542328,5759.1396484375,180.8990020751953,nan,nan,2.6890912839152756,-5.898429559260401,0.7250491379539264,4.505170223862863,-1.0631554424011684,4.089658351177898,1.1185741630783639,-0.8108834494269748,0.3221630435543901,0.4218630716644502,-0.6506323894107616,1.2681364806167459,14.874986183154864
146,147,0.1469999998807907,5818.49169921875,179.48399353027344,nan,nan,2.715305891288383,-5.767621156930758,0.8398535215682259,4.433931342786744,-1.0705359853504155,3.8141285667857963,1.0288057218125264,-0.7036255509141784,0.3072754611748933,0.42870874370756196,-0.6344024329575343,1.3202772108254401,14.630196626126896
147,148,0.14800000190734863,5856.974609375,179.20201110839844,nan,nan,2.653400220245633,-5.77760497405798,0.9685438891329267,4.4714711325578,-1.106093863214472,3.551695369579547,1.0200949035879434,-0.6063085052937287,0.25055116686859447,0.48597599799249497,-0.6481268631550207,1.3689350162971055,14.521493755736914
148,149,0.14900000393390656,5870.8291015625,178.3730010986328,nan,nan,2.57428723205071,-5.81345717966768,1.0791798652515103,4.49731373987778,-1.1672879673884844,3.3884514091245537,1.0394337467840429,-0.5780429985012424,0.09789750407553938,0.484058452319947,-0.6003578537462015,1.340467376338642,14.535816713148424
149,150,0.15000000596046448,5864.07080078125,178.05699157714844,nan,nan,2.393856998562361,-6.019149699109187,1.2107366524467604,4.66494899024416,-1.2456563632543507,3.254730079153518,1.152054553520364,-0.558516524690211,-0.08930688837717472,0.5484564062981951,-0.6024412497550337,1.299830237848813,14.706510924259337
150,151,0.1509999930858612,5837.95458984375,178.03399658203125,nan,nan,2.216139442512597,-6.209475621681562,1.3306436279553622,4.80586145662621,-1.3272421403399512,3.1907818441761573,1.2673123731864682,-0.5795568867704883,-0.31702983899168785,0.5759229949240809,-0.5613388883618304,1.212300067169351,14.915104276977827
151,152,0.15199999511241913,5789.44287109375,176.9709930419922,nan,nan,1.9404424836519467,-6.532394509826208,1.4511330218127778,5.049059654075655,-1.4043061383180369,3.181028642612784,1.4538634603211495,-0.6144726106631108,-0.5614563945923544,0.6616116440285629,-0.5582660707376672,1.099754875724448,15.230670639030013
152,153,0.15299999713897705,5720.31396484375,176.64700317382812,nan,nan,1.7691918768613237,-6.710951843054136,1.5542167332787957,5.172028814009862,-1.462994795467955,3.196161242452154,1.5676289601890776,-0.6699680504659654,-0.7928974750156235,0.6712071244218153,-0.5004661157431319,0.9729044640185546,15.449246160712715
153,154,0.15399999916553497,5642.06298828125,176.927001953125,nan,nan,1.4500015593413602,-7.068687756858248,1.6435538621728094,5.43567783719064,-1.5112028764184637,3.2739730674881202,1.785687085776288,-0.735885356286636,-1.023110524090206,0.7785543195208775,-0.5173661240592903,0.8236603835157765,15.783771548029124
154,155,0.1550000011920929,5555.77294921875,177.2310028076172,nan,nan,1.250560797096587,-7.268014897232786,1.7150388015559421,5.573592991911822,-1.5369408323421339,3.3354701847020984,1.918549557300759,-0.8003240927992468,-1.2101562862809865,0.820151421963813,-0.5030271253011436,0.6874219686624559,15.978963187646425
155,156,0.15600000321865082,5459.26171875,176.67100524902344,nan,nan,0.9458464564647039,-7.569860012307313,1.7498521373838862,5.778761525638213,-1.544153931623947,3.4508737246842776,2.1166455717854,-0.8673780845870415,-1.3730460098461348,0.9213231336079245,-0.5507353307795942,0.5345160448960927,16.203673499013586
156,157,0.15700000524520874,5357.20263671875,176.13299560546875,nan,nan,0.7884466981166381,-7.707937755023653,1.771521081445354,5.8596977007234585,-1.5436369408906765,3.5129749893807403,2.2282830369355326,-0.9272387494445514,-1.481317425052457,0.9583949821204648,-0.576557823699598,0.41379215810605985,16.29703748801418
157,158,0.15800000727176666,5253.82958984375,177.18299865722656,nan,nan,0.542689093506949,-7.9313942049808395,1.7581224806996203,5.998635103564187,-1.5151229173741088,3.61182198135699,2.397327832628254,-0.9811458907314711,-1.552675999536167,1.0528391171266922,-0.6872973319016821,0.2791574809678743,16.400306894030983
158,159,0.1589999943971634,5152.00048828125,177.18499755859375,nan,nan,0.45987157894916914,-7.995306327554066,1.7417837573498636,6.023394586953621,-1.4897897893254675,3.633561707713942,2.4757204405387068,-1.0195586980656273,-1.573599929592156,1.0818286823449703,-0.7764021504672982,0.191517568411818,16.3911647556783
159,160,0.1599999964237213,5055.009765625,177.0469970703125,nan,nan,0.26959343497824,-8.11931551461436,1.6817950958302414,6.076966210279449,-1.4334040797380128,3.707750015561906,2.6085671213435067,-1.0479389416981393,-1.5544137396198667,1.1625075839935228,-0.929058526026785,0.08139967685977442,16.352408988121397
160,161,0.16099999845027924,4963.96533203125,176.83299255371094,nan,nan,0.2674634008210684,-8.097166599530253,1.6441213978532179,6.04091489095281,-1.391267041319492,3.680276511648099,2.6466014924866124,-1.0565112942830406,-1.497143195190849,1.1756556302957955,-1.0640198674274783,0.028785080259300926,16.24417726115322
161,162,0.16200000047683716,4881.35009765625,176.72900390625,nan,nan,0.16219373561660455,-8.118401878988774,1.5653485898074506,6.01979242926322,-1.3169516444944303,3.7068409399179876,2.7347603387654447,-1.0542563059608785,-1.3949827043125334,1.235506829020473,-1.2623364862419342,-0.043754745897361356,16.08929860371498
162,163,0.16300000250339508,4807.4150390625,176.68299865722656,nan,nan,0.24004733490227342,-8.025210682921209,1.525860914201694,5.940587212515505,-1.277823564293628,3.6227113756764067,2.7450681676479336,-1.036955915897167,-1.2792886003919968,1.2287798214575278,-1.4380486007410958,-0.05974220512528742,15.910533032296616
163,164,0.164000004529953,4743.06884765625,176.28399658203125,nan,nan,0.21544492838995197,-7.942747923694296,1.4362222853486208,5.84561275411411,-1.2093102396155582,3.594615193927488,2.793601295469061,-1.012351859717262,-1.116802486986975,1.258989580554974,-1.6560459395477944,-0.09113490732163346,15.642257631226776
164,165,0.16500000655651093,4689.154296875,175.54200744628906,nan,nan,0.3304638211874759,-7.7926072598859015,1.3840267243470024,5.720822311776803,-1.1859349880874763,3.4764783866151547,2.790684328186869,-0.9797448165720641,-0.9526748291160153,1.239144792404626,-1.846009147798293,-0.07716443865962236,15.38730479166247
165,166,0.16599999368190765,4642.9404296875,175.87901306152344,nan,nan,0.3999971225306783,-7.623647461130225,1.3054439023330824,5.569751396010896,-1.1323170080355587,3.3798111882526647,2.8061111156352854,-0.9390775244832328,-0.7507288054341027,1.2369347885393291,-2.073405148724831,-0.05700857091173721,15.033586418912117
166,167,0.16699999570846558,4605.08349609375,175.75,nan,nan,0.5918042194513636,-7.4289240718174785,1.2699815799613854,5.417954396645682,-1.1355982558003572,3.199247383982639,2.7876113276813266,-0.8963192789304909,-0.5618669504873768,1.1949932634915035,-2.2716055841144835,0.0024859882037491995,14.750387550152373
167,168,0.1679999977350235,4576.8076171875,175.0709991455078,nan,nan,0.6733779146210466,-7.198065730771056,1.1860304181156816,5.2115654141085415,-1.105131702020338,3.0923774931364463,2.785768774699694,-0.8606753189140535,-0.3450348869460486,1.182496789499292,-2.4435523215211616,0.04146746751740085,14.330760195681808
168,169,0.16899999976158142,4556.59619140625,174.3140106201172,nan,nan,0.8409915267517848,-6.975890265072058,1.1336325690831064,5.016826478234664,-1.122717290690227,2.923994333812434,2.772058310232345,-0.8318650864196355,-0.14529480829168057,1.1459009198520627,-2.6004375862810267,0.11124856041727421,14.000053553063157
169,170,0.17000000178813934,4538.3701171875,173.83299255371094,nan,nan,0.9318685348802402,-6.725605577907803,1.0579230973205658,4.788995617302432,-1.1191237841970658,2.8152503570368594,2.770557423996465,-0.8213144938103519,0.0510183652489274,1.1280066908589665,-2.716211274207165,0.1592765673562794,13.59097548646221
170,171,0.17100000381469727,4521.6044921875,173.6739959716797,nan,nan,1.0997720019227886,-6.519399153529919,1.0180570916811487,4.598512481949193,-1.169991607625139,2.651656416786979,2.7647528569021027,-0.814238196954893,0.22085988537610138,1.0899466425912554,-2.8199363539814444,0.23147269200255166,13.32201445482723
171,172,0.1720000058412552,4508.7216796875,173.3719940185547,nan,nan,1.1377691217746078,-6.300755276013727,0.9355257417707008,4.367530738711009,-1.1887664197903425,2.6008581476593284,2.7812919349585763,-0.8470699216368799,0.3653759506679102,1.0774042594828324,-2.8497104543600273,0.26032059797099766,12.987779460362418
172,173,0.17299999296665192,4498.00830078125,173.04800415039062,nan,nan,1.2406480577626366,-6.134435460327274,0.8912995583009555,4.188419707594677,-1.2536546481372852,2.501336208815119,2.7968661717815175,-0.8776377648441092,0.47888358551947074,1.0492010616918772,-2.88356281657357,0.3046256620539864,12.794596867895997
173,174,0.17399999499320984,4487.439453125,172.49900817871094,nan,nan,1.1876509913868287,-5.9823832753059785,0.8032385219524978,3.984617061661938,-1.2869584846525173,2.5443326178666794,2.842051459793273,-0.9609281411684338,0.5381624926141146,1.047015687313313,-2.8151376478171857,0.28467028133987743,12.582946762505506
174,175,0.17499999701976776,4475.779296875,172.13600158691406,nan,nan,1.1963624427455881,-5.880114100140043,0.754154152386151,3.832951742677142,-1.3529980696556523,2.5330016958127235,2.880116454160367,-1.0234307007217072,0.5749105383731433,1.0269387115111523,-2.7715511837538047,0.2827272389956149,12.484159384681774
175,176,0.17599999904632568,4461.17822265625,171.75100708007812,nan,nan,1.0519508867454594,-5.8043435465685205,0.6743470952908184,3.6822337980902202,-1.3696158627354649,2.6770486095198236,2.9397185862601574,-1.1400198808037103,0.5426216590976212,1.0346622046934224,-2.6244063223063865,0.20485237068458872,12.386826562782801
176,177,0.1770000010728836,4442.14208984375,171.36199951171875,nan,nan,1.015615122768848,-5.754210049102491,0.6510900981430017,3.5782070750507704,-1.421000323873435,2.709096260697079,2.976019263406895,-1.193175088617062,0.517108811583608,1.0104183772227897,-2.548130618951057,0.16889563898345308,12.35886573276858
177,178,0.17800000309944153,4422.6220703125,171.2670135498047,nan,nan,0.8158936053394332,-5.743186921844987,0.6046369811807948,3.502158810902444,-1.3965291808480043,2.9237711323537323,3.0330296312012597,-1.3103700937375764,0.40504809465093017,1.021691159741221,-2.361051142583973,0.046346016995196415,12.347180053915944
178,179,0.17900000512599945,4401.54833984375,171.21200561523438,nan,nan,0.7135911662714423,-5.7284144462241695,0.6094566206383142,3.4465713651205103,-1.3853284349609298,3.0302506244794327,3.0534065176384564,-1.350577870672626,0.31444672967641163,1.0009271412106515,-2.2446344007378514,-0.03555095298301983,12.340651892697416
179,180,0.18000000715255737,4374.5634765625,170.69200134277344,nan,nan,0.5150826814663289,-5.75761117058373,0.6150635249457452,3.4286053841895647,-1.310000474434328,3.2418061146348816,3.0766823023665926,-1.4319999953052043,0.15151977951459528,1.0028716345009687,-2.0694128046726075,-0.17662941085595626,12.36391879475049
180,181,0.1809999942779541,4343.8212890625,170.18600463867188,nan,nan,0.4153393601250399,-5.749746089618229,0.6621800597704214,3.4017486502376766,-1.2513013950157976,3.339553641444445,3.06238801471687,-1.4264259715943655,0.0288945774568158,0.9668133354172475,-1.9695739981775315,-0.2709680872668711,12.336314464951304
181,182,0.18199999630451202,4311.96142578125,170.38800048828125,nan,nan,0.24919278267254505,-5.816421216440588,0.7147006037069891,3.4280392925200225,-1.1189174568890887,3.5263656754690063,3.039987189868878,-1.4586994154104223,-0.1617863010606752,0.949594731186073,-1.8279741646566734,-0.40796547186181714,12.386971024462643
182,183,0.18299999833106995,4278.98193359375,169.98800659179688,nan,nan,0.1571553953398883,-5.827962525937873,0.7893082146829441,3.4212808576369,-1.0112373649038982,3.6159561786290637,2.9932726283667335,-1.4217585893642413,-0.3069109038197566,0.901795687971239,-1.7468526620530223,-0.5083674664011941,12.358350239789468
183,184,0.18400000035762787,4243.7568359375,169.64700317382812,nan,nan,0.04936477147044392,-5.93048528520543,0.8746782730171635,3.474929427424222,-0.8369179674370403,3.749746638345008,2.931266795197421,-1.4168641902237393,-0.49985780092588317,0.8700222480337227,-1.6549471416344907,-0.6212193463052736,12.44419775698586
184,185,0.1850000023841858,4206.138671875,169.947998046875,nan,nan,-0.005272565721866766,-5.965793837600829,0.9623103435958933,3.474911678067637,-0.7041047619930196,3.796136040685789,2.8591402175604275,-1.3581012606153455,-0.6434369502978295,0.8124573121053276,-1.6103544968055208,-0.7005590387108951,12.431857939173634
185,186,0.1860000044107437,4165.5205078125,169.843994140625,nan,nan,-0.05314423458468509,-6.090754968763248,1.0514278781426727,3.519428504588414,-0.5356514503621627,3.8456242210275704,2.7721540938906912,-1.3236388296701285,-0.8156784874336279,0.7633206447288706,-1.5693632656083416,-0.7745221152820133,12.53624332347107
186,187,0.18700000643730164,4124.29931640625,169.88499450683594,nan,nan,-0.07540653211249314,-6.137395415034295,1.1312428936749386,3.4998613022255993,-0.4121751425067351,3.830631233267527,2.6881883633678365,-1.2469281116211341,-0.9447550710767947,0.693546766393479,-1.5619787199108617,-0.8255842512496194,12.523477154146603
187,188,0.18799999356269836,4084.275146484375,169.7209930419922,nan,nan,-0.05950000816976109,-6.292664083242237,1.2126773594845837,3.5417824490423113,-0.2577774459384313,3.7975578611204264,2.579185079748454,-1.1892307152436834,-1.0816462110306155,0.636118613681327,-1.5706244292092615,-0.8419144727026304,12.665686794415514
188,189,0.1889999955892563,4044.4169921875,169.656005859375,nan,nan,-0.05424879749870156,-6.348794417305015,1.2763529143469547,3.4975073583915264,-0.1542226590542008,3.7275983360793905,2.4884805615880836,-1.0953405740686895,-1.1847466529814608,0.556577165835364,-1.5914415249377696,-0.8575864358466103,12.64866513779563
189,190,0.1899999976158142,4005.468505859375,169.6800079345703,nan,nan,0.02386167436485121,-6.522302148280814,1.3395971722033824,3.522409792891718,-0.0338771654371702,3.614882078926069,2.3633077450483144,-1.0110583454772861,-1.2653569767163029,0.4878351415984385,-1.6428793400452115,-0.8130364903182777,12.804404589893936
190,191,0.19099999964237213,3967.7197265625,169.1959991455078,nan,nan,0.06098567171920397,-6.59066427431835,1.3813718609860086,3.4583595859725067,0.04520579861709273,3.502166084866097,2.2648510044849837,-0.8985557326253264,-1.3220724394379406,0.402579166717448,-1.685994382777233,-0.7866042890683747,12.78584156792547
191,192,0.19200000166893005,3931.55322265625,169.04000854492188,nan,nan,0.19660923095253147,-6.775867216268539,1.425925078204749,3.4689149082706736,0.12999060951836874,3.319628031028268,2.116284627829358,-0.7739772575039864,-1.3326401303206978,0.3252867783250407,-1.7731006746468523,-0.6775967305058979,12.952854614705164
192,193,0.19300000369548798,3896.397705078125,169.6800079345703,nan,nan,0.24617271558754472,-6.828464002752962,1.4511708722541266,3.3761472934638324,0.1832522470250974,3.184269258746229,2.017281719505639,-0.6332133930693564,-1.3408895851153395,0.2351342210873958,-1.826514691226441,-0.6245761111262841,12.896135402446248
193,194,0.1940000057220459,3865.4423828125,169.66200256347656,nan,nan,0.42499293825522677,-7.008956267302149,1.4713183818499944,3.364506034306109,0.23274512154077232,2.953489801101118,1.8399494358109294,-0.4705509846161349,-1.274885649608253,0.15432812475938062,-1.9284160113345619,-0.4614209283678105,13.059737693373913
194,195,0.19499999284744263,3838.419921875,169.6680145263672,nan,nan,0.5206559014940513,-7.0821897273502294,1.4861260540279841,3.2781804595762254,0.26965619536085994,2.784392385911804,1.710203577656609,-0.2998215590920179,-1.218837254043806,0.06743587844882541,-1.9969019204301646,-0.36024419942203495,13.041051568996513
195,196,0.19599999487400055,3812.43994140625,169.427001953125,nan,nan,0.7061078352169581,-7.219911652869023,1.4836461857924743,3.233597253696133,0.28514719295762386,2.5413800068949937,1.5109945657770993,-0.10904030086499114,-1.086997752612575,-0.008170145890085046,-2.081228226077698,-0.17256260171892282,13.155900072617696
196,197,0.19699999690055847,3789.90478515625,169.40899658203125,nan,nan,0.7898714019103017,-7.260341884545819,1.485271078652278,3.1191806128654074,0.3115848809141285,2.3863359321709545,1.3684384039598,0.08057142290741409,-0.9917560650057933,-0.0900341090611466,-2.1340866323223446,-0.07121485399951627,13.096342170039586
197,198,0.1979999989271164,3774.31787109375,169.3090057373047,nan,nan,0.9738822704458501,-7.331848440177149,1.4650482052869767,3.0477289037316604,0.30390153108512596,2.1456199894803065,1.1500647421416579,0.28574673315581406,-0.8127513116429819,-0.15555971306762806,-2.1990710310112203,0.13014890562884715,13.144907315341626
198,199,0.19900000095367432,3767.94580078125,169.4390106201172,nan,nan,1.0697962073539478,-7.328352189870157,1.4580005607003235,2.9232856739565833,0.32390140242984083,1.9941662810836833,0.9816753137751355,0.4815938445150401,-0.674933829748665,-0.22361673657417622,-2.2427451370954947,0.2472045259171542,13.052086049296419
199,200,0.20000000298023224,3771.035400390625,169.00601196289062,nan,nan,1.245515740359553,-7.330872998742633,1.4009863136451368,2.8238235614618654,0.2809923331175803,1.7726202977062493,0.7444710371750554,0.665296810033076,-0.4426962590596947,-0.2649681882835775,-2.2708354552368712,0.45633950020613956,13.051696669858739
200,201,0.20100000500679016,3783.255126953125,168.7050018310547,nan,nan,1.337141202987126,-7.270081416480488,1.375305256739726,2.6799197548372837,0.2910880380020644,1.6480981891986788,0.5620622452947069,0.8328167283592477,-0.2747684019618346,-0.31180208060350345,-2.293156446167318,0.5674815363071731,12.919499347549046
201,202,0.20200000703334808,3805.171630859375,168.44400024414062,nan,nan,1.5052138130362467,-7.188185395868225,1.2874855159146417,2.5535617582638,0.21926781589613664,1.4534463634064965,0.319872807282592,0.965514293583586,-0.01234188443284987,-0.32372562560691714,-2.292049841498137,0.7640979079389271,12.864195152309268
202,203,0.2029999941587448,3836.351806640625,168.29800415039062,nan,nan,1.593733637932438,-7.076001295744982,1.2414698135585507,2.3893809613327828,0.22516005624470126,1.3635325143161094,0.13488004687551514,1.0814763602895807,0.17984697553571777,-0.34206472807404015,-2.296759490104219,0.8560724930650949,12.706091677262208
203,204,0.20399999618530273,3876.788818359375,167.79800415039062,nan,nan,1.725882979521651,-6.921998884706704,1.1226740359742933,2.247796005961725,0.1315879289857641,1.2273933255368004,-0.08365048803197864,1.1385927678495338,0.4434859312288021,-0.3185379835249052,-2.252688767521234,1.0153831668606437,12.60824145581965
204,205,0.20499999821186066,3925.813720703125,167.2989959716797,nan,nan,1.7948933068687847,-6.764638735055099,1.04421673096981,2.0784679617329815,0.12619929427269277,1.1889741738096744,-0.2590119105761429,1.186577465823581,0.6547278816121533,-0.29703166151822447,-2.2187244898461147,1.0816974196747675,12.439886689827587
205,206,0.20600000023841858,3980.548095703125,166.9010009765625,nan,nan,1.8886687180195396,-6.553102316708807,0.9012182796818995,1.9338482880171846,0.02864597913434669,1.1203174978443258,-0.4393721466958916,1.171358375734432,0.9115715650541468,-0.23558219054065355,-2.1367584878652233,1.1953754063057054,12.306625140600584
206,207,0.2070000022649765,4040.16796875,166.8509979248047,nan,nan,1.9338767198459352,-6.373800749344534,0.8105268238010923,1.7748387263926513,0.04381878885251012,1.1456167151562628,-0.5844671512364727,1.163113995394025,1.1217049821935992,-0.17808305020710694,-2.083857342906599,1.2212029255262464,12.131164592403657
207,208,0.20800000429153442,4104.91845703125,165.78700256347656,nan,nan,1.967933254428166,-6.127232555628149,0.6493486702197526,1.6567811644047523,-0.05375935499207091,1.1630860004339767,-0.7055300780498959,1.0792328728696168,1.347737321409786,-0.07918624495077166,-1.9540818170506202,1.2778302764937672,11.976208358033333
208,209,0.20900000631809235,4173.1318359375,164.2310028076172,nan,nan,1.970218549720215,-5.929517979072661,0.5375146611789289,1.5319137098071884,-0.038620346351253686,1.2582831625895674,-0.8070539947367394,1.0167974312999861,1.5461098367596078,0.01574435322341498,-1.859017280287293,1.2658511916511868,11.79920542136804
209,210,0.20999999344348907,4241.60009765625,164.7949981689453,nan,nan,1.9570545908229235,-5.662405766332609,0.3763891126667362,1.4538945146059592,-0.12192196643161293,1.3477456165405575,-0.8664552033825086,0.8940080511576035,1.7305516594056365,0.13564077524025966,-1.7046227910709177,1.2777787075938631,11.622395055622826
210,211,0.210999995470047,4309.13037109375,164.7220001220703,nan,nan,1.9253236135624507,-5.478770507214199,0.28110821173081135,1.3718676122333817,-0.06476832699407753,1.5032307750200329,-0.9365540588709172,0.8284354072321926,1.8983935016084945,0.24220337976828757,-1.5964822852524232,1.2303504317732445,11.440772226375
211,212,0.21199999749660492,4377.00390625,163.9340057373047,nan,nan,1.8535069880680375,-5.207677359184114,0.13760294003697257,1.3529052570373337,-0.1374497961610634,1.668744841620856,-0.9266150430315704,0.6890542247473933,2.0259211752646333,0.37223302449714485,-1.4037835174590123,1.202924374919351,11.242160513324745
212,213,0.21299999952316284,4443.39013671875,163.18199157714844,nan,nan,1.7906839749341277,-5.026477190671469,0.0661838864793301,1.3335258484372603,-0.06860064482154431,1.8724518624150235,-0.9566048468991517,0.6253779022331072,2.1532086251641576,0.4843108646771467,-1.266997123664599,1.1386424746363757,11.052634451439106
213,214,0.21400000154972076,4505.5986328125,162.99301147460938,nan,nan,1.681566655451862,-4.759299352693407,-0.027494749527662326,1.387131820696023,-0.12633266856574452,2.069217431280741,-0.8866257146957344,0.5006157928646238,2.181489054489756,0.5955737229988007,-1.0683125540016862,1.0983249445295926,10.84303888428897
214,215,0.2150000035762787,4561.14404296875,163.2010040283203,nan,nan,1.6059141891248045,-4.596005597556465,-0.04979795754336602,1.4382466349472507,-0.03769798140032823,2.2965963385209376,-0.8852907441021353,0.460980778625554,2.24541569209854,0.6933345040214515,-0.9279250324489764,1.0359288687781363,10.658703156482284
215,216,0.2160000056028366,4608.84912109375,161.7100067138672,nan,nan,1.4678132920294082,-4.363161765929126,-0.0864662190760693,1.5571828421353116,-0.07444675677682375,2.511251548225787,-0.7795378045847103,0.373448951874243,2.1728228014516318,0.7674012009823203,-0.742702241621726,0.9934726291363861,10.46027687616403
216,217,0.21699999272823334,4648.46728515625,160.8610076904297,nan,nan,1.3765598338085572,-4.219564651859074,-0.0666288961451262,1.6717956511300605,0.006088022295202452,2.7332398061170533,-0.7487178107174812,0.3572140009725235,2.1444841448999385,0.8323907418804567,-0.6102403331656354,0.9440777611904492,10.30030270039992
217,218,0.21799999475479126,4677.04052734375,161.81700134277344,nan,nan,1.2606463418571736,-4.033140905662755,-0.03317353150962588,1.858122045179203,-0.021111789559225932,2.898317383273913,-0.6045787539645958,0.3078579512596307,1.9614730998524432,0.856480917860427,-0.48883472505352327,0.9342539546906132,10.14408206546573
218,219,0.21899999678134918,4693.51806640625,161.4600067138672,nan,nan,1.1956717207378724,-3.9429422073363023,0.03957598919899444,2.0098561175466183,0.08053250106402961,3.0752838189278573,-0.5826709371790367,0.3357157793672184,1.8766002634277965,0.8848895897866167,-0.4047368436664253,0.9093878277266781,10.030289618643215
219,220,0.2199999988079071,4700.59521484375,161.80101013183594,nan,nan,1.1043110318126834,-3.81393493287597,0.12052769230407272,2.216826015897638,0.052325985164435845,3.1640836250625126,-0.4235197175109347,0.3282271770614626,1.606691941503552,0.851607610876308,-0.3547492633257539,0.9322358466076357,9.920939492214345
220,221,0.22100000083446503,4698.3544921875,162.2880096435547,nan,nan,1.065392907488383,-3.7589352322583456,0.21993853879379383,2.37491053983869,0.1459979165892057,3.2650420885004556,-0.4018371318208697,0.3826024572831853,1.4635457849370075,0.8404702076014569,-0.3239140816542824,0.9363095790028395,9.8416239605596
221,222,0.22200000286102295,4686.974609375,161.41600036621094,nan,nan,1.0231725839887167,-3.683552670109817,0.3243634035239456,2.558317465544023,0.11724307205955355,3.2423704219345053,-0.24678600970405365,0.40936535781734573,1.1340506010919504,0.7516220992506863,-0.3628380546431107,1.0012326065201245,9.782634255692397
222,223,0.22300000488758087,4667.13134765625,160.90200805664062,nan,nan,1.0156525922622208,-3.6555505887254545,0.429221663761162,2.686626371883495,0.1978848125977178,3.258613307103013,-0.23553699051135138,0.48142736423764243,0.9583806386453398,0.7046412437857257,-0.3797191310267686,1.0312073102560086,9.7311812309203
223,224,0.2240000069141388,4639.3212890625,161.9340057373047,nan,nan,1.0320606875755713,-3.6391641215006985,0.5399607750897489,2.8210210062240026,0.16436936785708023,3.124660540082735,-0.09298013601562531,0.5361261065721457,0.620176460281147,0.5729557157515238,-0.49892116984969187,1.1312358415352832,9.724627565883525
224,225,0.22499999403953552,4604.3349609375,162.677001953125,nan,nan,1.0515506350833788,-3.6344931703252734,0.6354565652954771,2.8919258327828867,0.2314066177543698,3.073219972108076,-0.10296280735593946,0.6162710168619504,0.45054065234208523,0.5041554291987782,-0.5399906311613741,1.172262467837604,9.700937743199784
225,226,0.22599999606609344,4563.576171875,162.06800842285156,nan,nan,1.1105498418342434,-3.6536472071960207,0.7258703165659625,2.936568803927597,0.20426634059228185,2.8720850734355885,0.007404030648771516,0.6816053957587211,0.14845322577410552,0.34922678705262344,-0.6879748548117607,1.2927523232249851,9.707906392623025
226,227,0.22699999809265137,4518.783203125,162.2050018310547,nan,nan,1.1379822336859553,-3.6604608393421953,0.7937193735275817,2.935544864351349,0.2525848003362119,2.788510994156261,-0.016546768057092168,0.7531377661560071,0.008014005853058954,0.27173046253257305,-0.7179839799116136,1.338221131998049,9.684320248591549
227,228,0.2280000001192093,4470.353515625,162.84800720214844,nan,nan,1.2342808201506599,-3.7069444274133714,0.8504371596471865,2.891399435941016,0.2150186577487115,2.5493531828627702,0.07140960906445996,0.8079507929016507,-0.22135447113279894,0.11132303534638573,-0.8733371486657189,1.4737024535989587,9.6936793597074
228,229,0.2290000021457672,4419.39892578125,163.7689971923828,nan,nan,1.2611497580559716,-3.712269871142147,0.8870378470013377,2.835554607233464,0.2470764908837204,2.4858380556226405,0.0317038276947877,0.852524033872345,-0.29466684707915186,0.051274430457493206,-0.8588860576017983,1.5060293069092943,9.656515395397847
229,230,0.23000000417232513,4368.1806640625,163.28001403808594,nan,nan,1.3713001173685024,-3.7575178208545768,0.9016958219027231,2.7117636952256894,0.20063137941878015,2.2614599810544145,0.1081880692516502,0.8758471949425644,-0.43226616825975533,-0.09273720245479623,-0.985750536855766,1.6389875492287531,9.627350601605213
230,231,0.23100000619888306,4318.2275390625,163.45700073242188,nan,nan,1.3856778081559475,-3.740429031493403,0.9103993750250937,2.6161752646308303,0.2119591566047108,2.2447640847489074,0.0746342505942857,0.8822992758473462,-0.44559597589765887,-0.12959928126798378,-0.9137509045874985,1.65620317081563,9.55305376828667
231,232,0.23199999332427979,4270.7861328125,163.98399353027344,nan,nan,1.525452029511657,-3.7827834324235647,0.9122667036722516,2.453521490553929,0.15483869091485084,2.0540161440576488,0.15761440767005308,0.8704101682561872,-0.49329376021587085,-0.25236184118426214,-1.0134072468650777,1.7917340794818688,9.500153746476387
232,233,0.2329999953508377,4225.46142578125,164.65501403808594,nan,nan,1.5458135007492266,-3.742350773457124,0.9186113613419846,2.3572390440824953,0.1428029723960318,2.085855245805697,0.14580568866348334,0.838736558113574,-0.452139711820683,-0.26249743745613097,-0.9005941012427319,1.798639165310653,9.404310207446946
233,234,0.23399999737739563,4182.3681640625,164.5469970703125,nan,nan,1.7151542327810474,-3.7643303466988667,0.9331201288331139,2.203611891216762,0.08149172010844417,1.947700439818746,0.23747164961288422,0.7936365957041095,-0.4158931659294334,-0.34612407380924226,-0.9755586363121751,1.9248717551220385,9.34118800114769
234,235,0.23499999940395355,4142.462890625,164.5050048828125,nan,nan,1.7563241467659816,-3.7072645795453747,0.9548618207342239,2.136096453674767,0.045355417315179086,2.022054837656545,0.25431094896198575,0.7321694770993555,-0.3296923873219713,-0.3327142423462432,-0.8456722601619454,1.9283583427853714,9.252222018823089
235,236,0.23600000143051147,4105.23291015625,165.3040008544922,nan,nan,1.9454207916370159,-3.712520942398044,0.9932980281011122,2.027578899714519,-0.02349752294745712,1.954782114388509,0.36065871217788664,0.6602833731851792,-0.2282055532739279,-0.37938436760958727,-0.8979990211041621,2.031843888823723,9.210093601681326
236,237,0.2370000034570694,4071.35205078125,165.7030029296875,nan,nan,2.00809665637877,-3.646707573696323,1.0368085805104452,2.0131323527052842,-0.07942320432013752,2.0731136587978867,0.4015580938158811,0.5789252929553322,-0.10308279589092452,-0.34163871457813083,-0.7666488922264721,2.0241854758335647,9.158529455017486
237,238,0.23800000548362732,4040.6533203125,165.58900451660156,nan,nan,2.2220497308282763,-3.652752464431689,1.1036927022255805,1.9559579698344483,-0.14905568491921087,2.0593865488784715,0.518512299203964,0.4935807787720621,0.056913488020930596,-0.35657862822390923,-0.8247836384495653,2.104522196355966,9.163496854770571
238,239,0.23899999260902405,4012.20556640625,165.70401000976562,nan,nan,2.297094277365356,-3.592504496784406,1.1680138198064118,1.9959356494610991,-0.21446056678551523,2.211619383753056,0.5758597696301458,0.4054100412614012,0.20402040174939232,-0.30178760037971303,-0.714213762524141,2.0778663447289074,9.168649428859089
239,240,0.23999999463558197,3985.151611328125,165.98300170898438,nan,nan,2.4747035893340503,-3.5974623456622656,1.2535641281693328,2.004528444380588,-0.27223102776819963,2.2823776379782847,0.6845747602325554,0.3193028829699536,0.3803882279377299,-0.28337647580818354,-0.7441533355592654,2.0957471669284704,9.229862840502875
240,241,0.2409999966621399,3961.32080078125,166.4449920654297,nan,nan,2.512329255575873,-3.5426800898108,1.323988475699669,2.0970958294644664,-0.33408565013557295,2.480524534580469,0.7334929363674879,0.2412297302595753,0.5163033492452644,-0.21369652281565496,-0.6195967137652217,2.024060907275665,9.291130611019522
241,242,0.24199999868869781,3942.962890625,166.6580047607422,nan,nan,2.664987437400784,-3.5650360146253854,1.430787954137791,2.1401843373622604,-0.3649141825607669,2.5797436258517332,0.8363809637136349,0.16901304742119688,0.6765084807910524,-0.1879893596059923,-0.6785449047213085,1.989469012021543,9.407693175167195
242,243,0.24300000071525574,3928.65283203125,167.03599548339844,nan,nan,2.6827362140302515,-3.5337453894786206,1.513083286302912,2.261340743676284,-0.40841778643801924,2.7742728201647893,0.8793624040123585,0.11138200722315876,0.7817682079113661,-0.12102922297188538,-0.5905044059195268,1.8858389352174354,9.52240638484814
243,244,0.24400000274181366,3918.08935546875,167.0489959716797,nan,nan,2.772224813633499,-3.5786861260903486,1.625251405103244,2.3204413757235254,-0.39947190694710083,2.908503877860562,0.9600678039524734,0.06110578486323278,0.9064245776940753,-0.08788082413312745,-0.6501517301775716,1.7844093127852743,9.678675790488299
244,245,0.24500000476837158,3911.339111328125,166.9390106201172,nan,nan,2.7469344528337922,-3.5680570310254174,1.7029495834395678,2.4456987758778372,-0.42094276269964936,3.090902584026496,0.9867524888093687,0.027287694876993483,0.9706540115501595,-0.02380294785057203,-0.5805937930018745,1.6441030895836162,9.825139481849549
245,246,0.2460000067949295,3909.60205078125,166.73800659179688,nan,nan,2.7900809818106573,-3.638094856341626,1.8161212082348115,2.5035779038664776,-0.3638872463406751,3.223674054016409,1.0410926004160852,0.001964604039341647,1.0572037339299516,0.010971303167913123,-0.6666205001803464,1.4932007815790658,10.000480910557691
246,247,0.24699999392032623,3912.47265625,167.11399841308594,nan,nan,2.7411940779899946,-3.654445588326701,1.8863517172138642,2.6068480090932766,-0.34642452043296945,3.371230222751016,1.0498087347566745,-0.01028721871533616,1.0887210909352696,0.06791186838945516,-0.6398055219664767,1.332141861369181,10.154180990671636
247,248,0.24799999594688416,3918.8017578125,167.2310028076172,nan,nan,2.734913064893128,-3.7299059829821415,1.9769240779472377,2.632815778151609,-0.242277753012496,3.479766783549879,1.06531084892957,-0.010628039291832952,1.1372822835788994,0.10149034638320392,-0.7347426309104736,1.157818350445398,10.29601907062487
248,249,0.24899999797344208,3929.775634765625,167.29200744628906,nan,nan,2.6656997197958194,-3.7612009204673864,2.0236460210422735,2.6955911885564583,-0.1804236567737408,3.5833812412948305,1.045458899921052,-0.0019087273971714728,1.1439506133790789,0.15243623244018573,-0.7392275446911238,0.9991311481997388,10.413664149277771
249,250,0.25,3944.793212890625,167.2259979248047,nan,nan,2.6194255480712187,-3.8417472684000225,2.07393939677694,2.6706711556451204,-0.016012552060432176,3.6749423673727324,1.0154801958194493,0.014573659439042787,1.1781439935386586,0.1909489727567905,-0.8415268886471412,0.8239372548189977,10.488247869991573
250,251,0.25099998712539673,3962.718994140625,167.322998046875,nan,nan,2.5375323109053776,-3.879905226374436,2.079231198258189,2.695265477777505,0.08645418761229172,3.743287937835498,0.9600080332062854,0.03407140636073534,1.1775956403611407,0.24425463181811927,-0.8608351959353854,0.6922943190779428,10.553058294373459
251,252,0.25200000405311584,3983.87646484375,167.34100341796875,nan,nan,2.454901048001817,-3.9598264920797015,2.069948039203981,2.623849777154369,0.297985864320137,3.8324750182151592,0.8875817389541422,0.05519613663108048,1.208726296066889,0.29106500198560786,-0.9423862019307341,0.5406596735241262,10.547315056094522
252,253,0.2529999911785126,4008.25390625,167.28900146484375,nan,nan,2.360123628942218,-4.010252919006466,2.0247470560341565,2.597378513874003,0.4483944916609398,3.8976260853150335,0.8021956958615829,0.07721610157516512,1.2205108448935997,0.347565516160827,-0.9606594422793462,0.4386986440831674,10.549387385530528
253,254,0.2540000081062317,4033.468505859375,167.0240020751953,nan,nan,2.260170298083013,-4.097679069159347,1.9537237222200734,2.4886046734093457,0.7041686932373409,4.004862796580559,0.6925907657424861,0.09428605075453367,1.2708776558585115,0.4040312278760754,-1.0194704159846666,0.32719889037647576,10.478116789668604
254,255,0.2549999952316284,4057.939697265625,167.16200256347656,nan,nan,2.1658037484752124,-4.156016920669501,1.8594617715805286,2.457050281590817,0.856479944652559,4.0751944156921995,0.5910924223704389,0.10673990779837982,1.2979857991062735,0.46847038882001774,-1.003928080985503,0.27505670559110146,10.456427817070804
255,256,0.25600001215934753,4084.635498046875,167.22300720214844,nan,nan,2.054216001402409,-4.256105598925635,1.7316782864843532,2.325784843384313,1.1356862372394916,4.226576358699465,0.4577877143676478,0.11310407411484677,1.3816654125050418,0.535118802223416,-1.0164466936624081,0.20522047680551325,10.34432252066218
256,257,0.25699999928474426,4112.279296875,167.31600952148438,nan,nan,1.9618114615732014,-4.3426158179064736,1.5950543503079893,2.2694837460111756,1.314994768355917,4.34041281535624,0.34437703615104315,0.11032654740618623,1.4494295647546414,0.6068836974975285,-0.9781927762358293,0.1842929926313401,10.299674171173091
257,258,0.257999986410141,4137.03125,167.5120086669922,nan,nan,1.855601402272419,-4.466289943058139,1.4253928151327357,2.1424242295430456,1.581471836809411,4.5279010015219345,0.2078353007035447,0.09698588241974367,1.5602848185676488,0.6767674432469986,-0.9461935500637778,0.1594737603225455,10.19190870818273
258,259,0.2590000033378601,4159.126953125,167.44100952148438,nan,nan,1.774436025322656,-4.586241891824446,1.2648300562760801,2.0864997177108076,1.755134395496303,4.679052179062496,0.10217240612595842,0.07392915803899565,1.655953590143451,0.7480076819449393,-0.8893113616601039,0.16830884755795877,10.161463535582266
259,260,0.25999999046325684,4175.37548828125,167.49000549316406,nan,nan,1.661863971475307,-4.7305034379573785,1.0692447308649045,1.9788166664839806,1.9670037728155474,4.877098929733694,-0.018756697613690705,0.04578409817323583,1.7694263133724217,0.8131742867126931,-0.8164580539762052,0.1736362981451138,10.079699285820363
260,261,0.26100000739097595,4188.69482421875,167.8520050048828,nan,nan,1.5861975671190378,-4.8770456738917005,0.9021431330454772,1.95384221321442,2.0690047239998215,5.02139098388521,-0.09352792225236714,0.007515488682694814,1.8585126194823591,0.8731904637052551,-0.7366475617223436,0.2011078949423132,10.100623524677376
261,262,0.2619999945163727,4203.205078125,168.1219940185547,nan,nan,1.480145492390207,-5.0303905660179,0.7114299557606002,1.8682663975391678,2.2103408035556154,5.210895266839322,-0.1859347193472104,-0.031543165401236126,1.9625570676385544,0.9214589547717981,-0.6471915173468805,0.21774359174519406,10.052402061333355
262,263,0.2630000114440918,4220.1826171875,168.33700561523438,nan,nan,1.4187389115240197,-5.193432232575585,0.5589875197463837,1.874146171661618,2.2306170844227946,5.309735535530235,-0.2271422351482868,-0.07716851166162851,2.03008158661147,0.9631270175685902,-0.5756697148613178,0.2516141478617483,10.124631064930394
263,264,0.2639999985694885,4244.29443359375,168.0550079345703,nan,nan,1.3257974830012234,-5.338238433199659,0.3914583868983989,1.8014330291446559,2.299241437200408,5.452781037096374,-0.2920598190240828,-0.11769522848452724,2.1111626712102005,0.9883515421710767,-0.5000890736117027,0.270994879560856,10.09479755338868
264,265,0.26499998569488525,4276.572265625,168.0640106201172,nan,nan,1.2749993055564237,-5.4862600696672645,0.26417128350035607,1.801585445644919,2.264723952920981,5.4928535107070395,-0.3152696537104413,-0.1591615993729163,2.1548000171979247,1.004839012976739,-0.4584219464988307,0.2973467474399607,10.158738963535788
265,266,0.26600000262260437,4316.4697265625,168.13600158691406,nan,nan,1.2050278153679965,-5.573033237977503,0.13917848301716781,1.734578617703736,2.2588764112914914,5.552919147935049,-0.3594079142703187,-0.19330449130062155,2.202378470266136,1.0058537422971505,-0.4128754475703888,0.3120045680461997,10.104161782460045
266,267,0.2669999897480011,4365.263671875,167.72500610351562,nan,nan,1.1782631186300758,-5.6480718748060665,0.05647150567242386,1.721654421256769,2.177737403459294,5.5207257911215235,-0.37444156765988246,-0.22660287751749797,2.2225961407537613,1.0033311608088038,-0.40820216359953126,0.3285237241645264,10.116283601749343
267,268,0.2680000066757202,4420.96826171875,167.98199462890625,nan,nan,1.1608747060156732,-5.638646430080486,-0.0017184759056842773,1.6714447213503039,2.105958876054379,5.463329661815605,-0.4023698280041289,-0.24813254608848986,2.2361007836299973,0.9886325514110358,-0.4157943318063548,0.3388306173095159,10.02326364617667
268,269,0.26899999380111694,4487.00390625,168.13400268554688,nan,nan,1.1866819836062275,-5.625031442589194,-0.029435272727796398,1.6718086771659215,1.9793116320390602,5.32723022882534,-0.411348139570448,-0.26977583448192655,2.236954389692124,0.9792379465094143,-0.4699855845084981,0.35360284190228886,10.000031867280972
269,270,0.27000001072883606,4566.435546875,167.677001953125,nan,nan,1.228430620676633,-5.4854162324197855,-0.021258868395659172,1.62218016539288,1.8726606298908708,5.189318806626355,-0.43171263639311125,-0.28164184501052686,2.2354919275946314,0.9583443251350837,-0.5149370293878993,0.3674901935025453,9.841020857424654
270,271,0.2709999978542328,4657.83349609375,167.031005859375,nan,nan,1.3020707184250517,-5.38144511551405,-0.004879600085907403,1.6257823643761833,1.7188479611098728,4.973577737668573,-0.43670423962220356,-0.30083369743342053,2.225090443077851,0.9508546171346327,-0.6120204470142389,0.3792373089117267,9.782294830513086
271,272,0.2720000147819519,4763.12548828125,167.2670135498047,nan,nan,1.4064605106876453,-5.107639813631588,0.07117735692164327,1.5738885347060427,1.605960727014978,4.793311413720056,-0.45634306205261205,-0.30882054371979145,2.215734975154808,0.9303884061872051,-0.6767482586291628,0.4006425283922046,9.565804190376403
272,273,0.27300000190734863,4877.224609375,166.23300170898438,nan,nan,1.518193235083578,-4.905026432425963,0.13114085625762084,1.5663128970646194,1.44582898032777,4.549295564803055,-0.45950031322310236,-0.32906606552481393,2.1980100359894803,0.9231746020117347,-0.7824503927302365,0.412841505870089,9.462289419316395
273,274,0.27399998903274536,4994.646484375,166.81100463867188,nan,nan,1.6610215508720239,-4.557975853903014,0.2552686406235054,1.5229564026310973,1.3107944648686944,4.365913747058653,-0.45655549630576475,-0.3437645699806603,2.176489828302512,0.9007420024256503,-0.8306444170469102,0.4367583585194689,9.261469342542362
274,275,0.2750000059604645,5110.7421875,166.6510009765625,nan,nan,1.7839612356866696,-4.326604354842251,0.343192705588335,1.5198966644509802,1.129689668431005,4.126656151933649,-0.4404197472307245,-0.3717023556615386,2.1407550030236298,0.8911187420973351,-0.9166044124409962,0.44487102850091337,9.192985165726741
275,276,0.2759999930858612,5221.17138671875,166.61500549316406,nan,nan,1.9353204198260696,-4.0025577239295265,0.5004435380512392,1.507086171931899,0.9574217341872614,3.9571191879421135,-0.3963702881719683,-0.40111337557100796,2.0882480654322935,0.8625909629007402,-0.9410339293236692,0.4639991567709646,9.103926175197726
276,277,0.2770000100135803,5323.642578125,166.44300842285156,nan,nan,2.0493200258832873,-3.801855814605803,0.6151141225004264,1.5194491514925272,0.747559574219383,3.7487983265283047,-0.3437196194079646,-0.4379194461702858,2.019629699609194,0.8398750631875216,-0.9910180867817504,0.463707065135247,9.131887270520348
277,278,0.27799999713897705,5412.48388671875,166.08900451660156,nan,nan,2.206802054045091,-3.5633637535238547,0.8052381498641357,1.5476708198029234,0.5412749466408177,3.6152553340121467,-0.24959841651310674,-0.47351104195545995,1.9357104054165624,0.7915243011097273,-0.9877453595281812,0.48274797805971015,9.217869205715715
278,279,0.27900001406669617,5482.90673828125,166.12400817871094,nan,nan,2.293178190679655,-3.494533797716889,0.9065695449507125,1.5835386626158485,0.29549004430914105,3.4034717997693655,-0.16426835239567716,-0.5131022930289868,1.834058175976541,0.7512779486277065,-1.0353368584568818,0.47428738004276494,9.402553845043679
279,280,0.2800000011920929,5537.2255859375,166.50601196289062,nan,nan,2.4391104777048787,-3.4143186342477727,1.0992473503147693,1.6412367317813428,0.07020600117918216,3.2899639876713236,-0.03429505375143291,-0.5482031333897364,1.7227477261174509,0.6778650509204258,-1.024462797214831,0.4882459747136128,9.689009295056367
280,281,0.2809999883174896,5575.7666015625,166.97500610351562,nan,nan,2.5240038741590607,-3.4611335155409124,1.2199158982797487,1.7008440032770975,-0.17278369820774986,3.111918702453316,0.07909306687014458,-0.5822053568949159,1.5981714012216817,0.6135993976844452,-1.0586638427973836,0.4804231271099335,10.023808545670093
281,282,0.28200000524520874,5594.6640625,167.14300537109375,nan,nan,2.6802573693432667,-3.5353231691570453,1.4255572862304835,1.7904931281031282,-0.38639997920329316,3.020070591836783,0.23187251870081343,-0.6108904336404013,1.4718991097267462,0.5157050648883792,-1.0599573867621495,0.5040640713800826,10.487608488069265
282,283,0.28299999237060547,5593.05029296875,167.86801147460938,nan,nan,2.7485328325724505,-3.707584428656265,1.5350861564102616,1.8608008778898524,-0.602241237686408,2.8481938864227514,0.34182352615442746,-0.630183550389966,1.3345641526532885,0.4368025710949813,-1.1094955550615149,0.49602431952716947,10.92102745406565
283,284,0.2840000092983246,5573.64501953125,167.95700073242188,nan,nan,2.8919275745772444,-3.9143673646038963,1.7147032098419548,1.9432259186788041,-0.7802092436596033,2.773725832975239,0.48270180482871883,-0.6401828737257375,1.2200969620419984,0.3217624295281567,-1.1219626564087386,0.5216684256169705,11.483967559569743
284,285,0.2849999964237213,5540.02978515625,168.3990020751953,nan,nan,2.947602323870155,-4.166793050431949,1.7883981677409804,1.9873276218654057,-0.9544182577774644,2.609055926690489,0.569972037396964,-0.6424736678033405,1.0995151036109652,0.22991958675300211,-1.181966271692193,0.5217399514287584,11.936113004037155
285,286,0.28600001335144043,5495.7734375,169.87600708007812,nan,nan,3.085884086337233,-4.448355788764884,1.9260634313000933,2.0347797799111427,-1.0874879746348105,2.570719795223518,0.6846267262125248,-0.6373878090337178,1.02450272371739,0.09649016609397629,-1.1942587562173503,0.5554806909813567,12.517549469759553
286,287,0.28700000047683716,5442.76416015625,170.9550018310547,nan,nan,3.145142423546066,-4.725509284980447,1.9589832502192552,2.0371591374376985,-1.220820043155112,2.4457651518677546,0.752277293876637,-0.63336639536003,0.949411640915548,-0.006136203814208041,-1.2435915416216428,0.5708333811493328,12.949705587321878
287,288,0.2879999876022339,5381.71533203125,170.97300720214844,nan,nan,3.266798462429176,-5.022458338264244,2.0280965456537383,2.026925568176026,-1.3086983984346277,2.4506591696776527,0.8347996600262185,-0.6269403116154666,0.9314740030934121,-0.14072963896374524,-1.2415756387735344,0.614141725748829,13.479173667997689
288,289,0.289000004529953,5315.19482421875,171.6800079345703,nan,nan,3.311423860889579,-5.2573055768298715,1.9901563296872669,1.9732514081354275,-1.4119044200789566,2.3490788795808224,0.8729767512710466,-0.633560653748343,0.9059742837240532,-0.23275756516109936,-1.2765358935474638,0.6440608421590391,13.798258782125897
289,290,0.28999999165534973,5248.04052734375,172.43800354003906,nan,nan,3.414250092530223,-5.508012881504211,1.9829591161267883,1.902047755383914,-1.4687517889248438,2.3928285248327006,0.9188819643530752,-0.639497142104606,0.9446652852435581,-0.35929981494818125,-1.256599259259506,0.6928706493369248,14.218493651428423
290,291,0.29100000858306885,5183.3203125,173.5260009765625,nan,nan,3.4719571431145417,-5.689699087857089,1.9052088969325642,1.8053567606548384,-1.5370120255011044,2.367774494033665,0.9366996396936831,-0.6583880738609506,0.9804037759803045,-0.4532211584155526,-1.257336057747834,0.7373075786433411,14.471448688415672
291,292,0.2919999957084656,5117.50439453125,173.81700134277344,nan,nan,3.5589667737235313,-5.869193112849927,1.8408312563550018,1.7031890197647068,-1.542303571219584,2.4236658131760738,0.9296386579777277,-0.6657514528460418,1.0617911182602715,-0.5533529822128681,-1.2434796168054016,0.7882466021183451,14.750392216010692
292,293,0.2930000126361847,5054.62353515625,174.3780059814453,nan,nan,3.5858939813418513,-5.966157049300637,1.706363153239096,1.5885386497479632,-1.597101364450295,2.3683083345666978,0.9162712062692093,-0.696894913457579,1.1032313308810178,-0.6117715604519361,-1.2458477449943595,0.8271348588835112,14.86018982008054
293,294,0.2939999997615814,5004.02490234375,174.89300537109375,nan,nan,3.6384075819810726,-6.092387711351927,1.6044493796795318,1.4633809616241489,-1.5715771963328287,2.4590160558576506,0.8760892517215755,-0.7015306356277206,1.209010533923036,-0.6913726883923402,-1.2057687896875384,0.8641722658785045,15.049299688135168
294,295,0.29499998688697815,4965.84912109375,175.27500915527344,nan,nan,3.6581617149054733,-6.156639369777347,1.4743558067681874,1.3497869280332204,-1.5752315904134877,2.449792265066282,0.829627800553138,-0.7135031368985821,1.2735084933559717,-0.73678169259987,-1.1887081339147527,0.893614889751525,15.117969305986074
295,296,0.29600000381469727,4936.94140625,175.6959991455078,nan,nan,3.672242528080965,-6.280325183735221,1.3729971321521939,1.2434279785556945,-1.4996755985736456,2.551839798198704,0.7482034132381729,-0.6921595467011834,1.3859182202872073,-0.7852748646303837,-1.1504440966982619,0.903031611917807,15.269490690191683
296,297,0.296999990940094,4916.6806640625,176.0500030517578,nan,nan,3.652175379886423,-6.331492925443122,1.2486305875273749,1.1550691793216472,-1.4967109389739357,2.4970143038801624,0.6851964547077075,-0.6877231202118456,1.4269848142429047,-0.7938579609140777,-1.132709879451763,0.9109563679823919,15.292357815020154
297,298,0.2980000078678131,4911.28466796875,176.34500122070312,nan,nan,3.6096754270747713,-6.471079016676212,1.1726260537489586,1.0776836379285895,-1.3678781241903148,2.591155643747952,0.5642465359203014,-0.6241919374097776,1.524745189603747,-0.808656697908512,-1.1029840874846013,0.8823618906702476,15.400623043417022
298,299,0.29899999499320984,4920.98095703125,176.6269989013672,nan,nan,3.547442346160346,-6.557755163866214,1.0872355043307376,1.0232090641107807,-1.3103033890066709,2.539786985945518,0.47048595544545263,-0.5777078116576129,1.558791644434264,-0.7878052757640625,-1.0894425894314121,0.8579509346608616,15.416265593768237
299,300,0.30000001192092896,4943.1669921875,176.35899353027344,nan,nan,3.4273079821608468,-6.728881445635959,1.0233397075799004,0.9876336155373315,-1.152418227948515,2.592841247357972,0.3344415985245513,-0.4874589601338528,1.6241642593743828,-0.7549747994914376,-1.0772911635194249,0.7880865131705945,15.469699668020247
300,301,0.3009999990463257,4980.11474609375,176.55601501464844,nan,nan,3.3165649097327554,-6.852161957622633,0.9597353469004692,0.967697954143847,-1.0549197779881776,2.5109623948166577,0.22744822719336874,-0.41125898903960245,1.636218673042608,-0.7014438057634544,-1.0836024592924334,0.7383752531757135,15.445689583596163
301,302,0.3019999861717224,5031.4990234375,176.29600524902344,nan,nan,3.1316929316442597,-7.045102726730887,0.9026985665090125,0.9678290395939286,-0.8675583191645004,2.520307357220499,0.08683790520368984,-0.3008259054990893,1.6662994664594153,-0.6328726412371755,-1.100843374787143,0.6424132855712338,15.417196770190245
302,303,0.30300000309944153,5096.9052734375,176.0959930419922,nan,nan,2.983212978506042,-7.161917618444491,0.8459064206993717,0.9718322258003027,-0.764643710206886,2.3888838699933506,-0.00788062139156709,-0.22254205411617597,1.6426372697018732,-0.550757020262233,-1.1187563586753526,0.5841888317741333,15.313701787893041
303,304,0.30399999022483826,5178.9599609375,176.05101013183594,nan,nan,2.7789428615469864,-7.320715982146101,0.8094846016824166,1.011439188409504,-0.5547755119171782,2.3532317207892346,-0.13263016940362227,-0.10362478425413033,1.6297549188008706,-0.46499558017763354,-1.1744882783870407,0.4925365785779701,15.15815421078098
304,305,0.3050000071525574,5277.64794921875,176.0019989013672,nan,nan,2.5918149611895522,-7.40712071068676,0.7750113254932102,1.0431009622414091,-0.4096529192120886,2.2368766873347705,-0.22042805798898432,-0.011350024321506818,1.5769233767886488,-0.3717011626719517,-1.2024018945513557,0.4253246168297017,14.934948761156958
305,306,0.3059999942779541,5386.8037109375,175.15000915527344,nan,nan,2.3299398939935165,-7.497291215757469,0.752926685937055,1.1049367305767583,-0.18814699859800801,2.221471914877234,-0.3235444856852766,0.11000589570683544,1.5215806886066754,-0.274191315284632,-1.2477471560383833,0.3197282165790337,14.628442092629374
306,307,0.3070000112056732,5501.0693359375,174.05101013183594,nan,nan,2.1370355025764023,-7.488843356587111,0.7519533063996208,1.149023496536545,-0.04056683554695149,2.1086602118158506,-0.39173678314448795,0.2023020763937577,1.4284769897340401,-0.18000486870492297,-1.2522750902098625,0.26294448043990126,14.282315548639268
307,308,0.30799999833106995,5620.95947265625,175.44100952148438,nan,nan,1.8925938182869517,-7.496042920129558,0.7804152246564569,1.2493119861426405,0.1852647010829075,2.121170209382277,-0.47176240590242485,0.3266947991445541,1.3372100172518606,-0.09632405228463982,-1.3025224936272741,0.17205947296007112,13.889739195301914
308,309,0.3089999854564667,5742.43798828125,174.81500244140625,nan,nan,1.6849786321849731,-7.433200922728554,0.8269254000900861,1.3243039244873134,0.37248093207510535,2.1039440595160883,-0.538738057066744,0.44260189689074686,1.2272200793690695,-0.022864839032368453,-1.3013415316813248,0.10529641203438993,13.477963632861165
309,310,0.3100000023841858,5853.62939453125,174.2969970703125,nan,nan,1.434018222489641,-7.381700328079093,0.892462916672387,1.4393751214592163,0.5825936925861936,2.1935122904464985,-0.5999821222544999,0.5762397888634652,1.110708356110292,0.03046357220825855,-1.314159334330132,0.010407143910016348,13.067788743829187
310,311,0.3109999895095825,5948.68701171875,173.48800659179688,nan,nan,1.2566567995958065,-7.267734495417497,0.9820804756394562,1.5149782789028228,0.7581208033895315,2.2274192287488686,-0.6633312716749435,0.7014450513625873,0.9900172753453941,0.07569571243547003,-1.269571420836683,-0.04732662313094583,12.678569855075818
311,312,0.31200000643730164,6028.603515625,173.91700744628906,nan,nan,1.0456507169790248,-7.204283417279002,1.0935774157333769,1.6500159229420939,0.9346199638757805,2.381591306698191,-0.7108125470394989,0.8419146076988802,0.8626029084990704,0.08439367789843544,-1.2573423308330265,-0.1323222897903267,12.362227673660756
312,313,0.31299999356269836,6090.49755859375,174.34100341796875,nan,nan,0.8995679152492461,-7.0923913611189695,1.2279775618247393,1.7499313568544015,1.0946158334236624,2.4932469127691927,-0.7709686364838088,0.9766688292663755,0.7382641285996496,0.09161316426605993,-1.191917354407763,-0.19010045807156256,12.073535252633322
313,314,0.3140000104904175,6129.41650390625,173.50401306152344,nan,nan,0.7370496876607767,-7.049761489774442,1.3810000259224746,1.903558613086745,1.2132558391148622,2.7107162993802265,-0.7944553852916367,1.1033677693850532,0.6075717765545251,0.05874012844921702,-1.1453685442884263,-0.26628018960546557,11.920853225386415
314,315,0.3149999976158142,6142.94482421875,172.86801147460938,nan,nan,0.6475154443785947,-6.949588707396201,1.5585591857973609,2.0138505592751983,1.3490477086174502,2.8618309613334607,-0.8535840150168963,1.2297811684616482,0.48944397677200757,0.044182183727053924,-1.0372647400623336,-0.313554566103285,11.76651002436814
315,316,0.3160000145435333,6133.9208984375,175.01800537109375,nan,nan,0.5883720373604776,-6.949475711421001,1.7597934308654668,2.1971930643541904,1.4099889049246919,3.0734349756915247,-0.8613357134635358,1.329834196506349,0.37191167823639526,-0.01613670257239027,-1.0041489342001368,-0.35445206178815136,11.8144310274658
316,317,0.31700000166893005,6104.20751953125,175.29800415039062,nan,nan,0.5750583594925608,-6.8938622866221655,1.9712365843909716,2.327469037009746,1.506909196764777,3.233855459701793,-0.9118994430583548,1.4226756212730476,0.2762164094968542,-0.04176028536748012,-0.9052063953431795,-0.38127377710530014,11.833448342777187
317,318,0.3179999887943268,6054.24365234375,176.2220001220703,nan,nan,0.5933001538468979,-6.947691441066041,2.175696607781999,2.5013542980624797,1.485488180791311,3.4263254029986827,-0.8905892427217185,1.4572789600671716,0.18421083250964687,-0.11321709808114369,-0.8891261414386752,-0.39423709924474887,12.080825890373369
318,319,0.3190000057220459,5986.166015625,177.21800231933594,nan,nan,0.6473234040802136,-6.915996375595724,2.3813005949195305,2.60552677694506,1.5464837255327581,3.55217443091971,-0.9401368635812817,1.4938497089801408,0.12277247121963489,-0.128130338732448,-0.8037802018614181,-0.39718550330901886,12.213628856353957
319,320,0.3199999928474426,5906.85595703125,176.8199920654297,nan,nan,0.7754546593565048,-7.020121001140966,2.5664611815386005,2.7613791547407307,1.4412334552595265,3.6506680667250118,-0.8894008472120862,1.4481503136452798,0.07237306802495315,-0.19579716286375817,-0.8726223137582911,-0.3487994185110608,12.622812037811348
320,321,0.32100000977516174,5820.720703125,177.69700622558594,nan,nan,0.9094309453441639,-7.026025180952338,2.728605685371353,2.8412987475093416,1.428214271370094,3.689356526235098,-0.907704500633669,1.406463435460167,0.04868180435382474,-0.20297842949473335,-0.8771283330767815,-0.3033464756391804,12.862621352928612
321,322,0.32199999690055847,5731.18896484375,178.15699768066406,nan,nan,1.1136810626518878,-7.136163621689998,2.8405446044420035,2.9401625281798234,1.2363863217351965,3.670545012394633,-0.8140923791154541,1.265473444970144,0.0344237744467261,-0.2572349463137312,-1.0283939269483353,-0.20272029064124544,13.322404860387
322,323,0.3230000138282776,5644.35498046875,179.0229949951172,nan,nan,1.3100275998717994,-7.1221937758988325,2.926599035227448,2.9706773629818994,1.1681302222472276,3.6026445783985106,-0.7962201009074926,1.1440259105597677,0.037670410960697995,-0.24917718718238155,-1.1229259889362448,-0.11449420417489181,13.557816714530796
323,324,0.3240000009536743,5566.412109375,179.1699981689453,nan,nan,1.566198579499564,-7.165074094429255,2.9501865262439324,2.998982789931569,0.920512519417718,3.459999327872475,-0.6621928328814236,0.9342009653190851,0.05447953553306373,-0.2870815293815317,-1.358045954977326,0.03145669681123835,13.92590443933966
324,325,0.32499998807907104,5503.82080078125,180.24600219726562,nan,nan,1.7996722966307444,-7.0890559489724065,2.9519234676232697,2.9758553211815824,0.798583021939603,3.290285215949637,-0.5948547595428599,0.7558664333126498,0.07457399288168955,-0.27944946905297474,-1.5460288396255253,0.15465311784051874,14.059011428356342
325,326,0.32600000500679016,5459.0380859375,179.96701049804688,nan,nan,2.085786742469699,-7.032531744907128,2.893318723017232,2.9399741447620222,0.5171717177237332,3.0450371668180134,-0.41794514471205824,0.5154759391261312,0.11040440058707503,-0.3249590162426111,-1.8502702296258544,0.3278733594324446,14.239269171422865
326,327,0.3269999921321869,5434.9150390625,179.37400817871094,nan,nan,2.3108038900467665,-6.846541466366286,2.831237556641799,2.8585085285831977,0.43049749426451234,2.820559584723091,-0.34326069246613916,0.35072753181677024,0.12776899419686827,-0.3297050621364995,-2.0640720746371595,0.44757508024002485,14.130696655452244
327,328,0.328000009059906,5437.58056640625,180.82200622558594,nan,nan,2.580806955487788,-6.691065229803556,2.7105963356398015,2.761942134146711,0.16262240558904975,2.506023485572432,-0.14795074758343874,0.15005303845681853,0.17564007360198863,-0.399921032925064,-2.388841261903995,0.6218502495356321,14.041032666156905
328,329,0.32899999618530273,5466.99755859375,180.68600463867188,nan,nan,2.7754717683233157,-6.435411877546385,2.589904293755997,2.628780936997881,0.08029188742511431,2.2360818141228176,-0.050767078942834123,0.032944570978095826,0.19967600337181296,-0.44390483959047145,-2.6179751513664313,0.7365605300175339,13.694440308179423
329,330,0.33000001311302185,5519.453125,179.86300659179688,nan,nan,2.9882664170784716,-6.22407591287371,2.423020197986742,2.4719232587532773,-0.14119164047649968,1.8923079510367815,0.1375753741168647,-0.07631380727371684,0.26905646237884057,-0.5467918413045484,-2.906499199995465,0.8889773113387078,13.326124509314555
330,331,0.3310000002384186,5591.1689453125,179.26499938964844,nan,nan,3.1229606303252124,-5.959136634225329,2.261829102728951,2.293896740083175,-0.16054699473850553,1.6153283248473387,0.21689881661282434,-0.0996328597741044,0.30404287980891337,-0.6265509688282743,-3.0989987294936143,0.9787038525963087,12.772261286401328
331,332,0.3319999873638153,5679.49072265625,178.8209991455078,nan,nan,3.2443243914385724,-5.775449710929612,2.0717255673305885,2.099448991536295,-0.29131307207256596,1.30085653398802,0.3645061222573135,-0.07397692545989189,0.4122045234085983,-0.7483399141875259,-3.298742626175115,1.0859356426988642,12.220204068762392
332,333,0.3330000042915344,5778.5146484375,178.302001953125,nan,nan,3.310142946934025,-5.583132011037314,1.8910193556171402,1.8995405942189334,-0.25817124287353066,1.0546109352810287,0.4207837327286224,0.008514988196016718,0.4933669566171397,-0.8476429828762669,-3.4256569371471985,1.1432144679725549,11.587909500957275
333,334,0.33399999141693115,5879.29443359375,177.88499450683594,nan,nan,3.345797986170119,-5.499091158933145,1.7220154615591907,1.7210303406820524,-0.2914740417974132,0.83010901310446,0.5186246821834176,0.15484049333205563,0.6648322143706302,-0.949079783962919,-3.509363667547924,1.1873075090693053,11.027651320677588
334,335,0.33500000834465027,5973.869140625,177.7989959716797,nan,nan,3.3431444841448674,-5.432090759359182,1.5688969970605602,1.5625513257260548,-0.19236759160033384,0.6856635441323664,0.5452201820884457,0.3163457961585786,0.7928704043519903,-1.0246682671980178,-3.544650315320423,1.18786058857544,10.493365537320846
335,336,0.335999995470047,6054.89208984375,176.93800354003906,nan,nan,3.2829496996763288,-5.468978015002584,1.469537165039336,1.4699535112673248,-0.12512492173983958,0.6281875262512164,0.5877458565560606,0.5442542612092905,1.00451049434685,-1.061710592999875,-3.4908024520790693,1.1397067358224326,10.085807434583646
336,337,0.3370000123977661,6116.97607421875,176.54000854492188,nan,nan,3.2133964172207055,-5.506992101294712,1.3754183654848477,1.3964402977529,0.03515625960174059,0.6256988968375389,0.576929461780156,0.7260681808914357,1.128879102505908,-1.0859929988816885,-3.4413464072222517,1.0698767962210223,9.753927328170382
337,338,0.33799999952316284,6161.16015625,177.031005859375,nan,nan,3.0711343040326393,-5.638502429667163,1.3674988264330001,1.437311866486066,0.1588618228421831,0.7484366741833547,0.5766418135826236,0.9616000454429758,1.3377056864426726,-1.030471217300263,-3.275912823637958,0.9275103896881093,9.599098910603333
338,339,0.33899998664855957,6187.01220703125,177.34800720214844,nan,nan,2.926142364632665,-5.7630257731342,1.3575442206006743,1.5018292993544482,0.31602166060727327,0.9057699229101819,0.5478119883523414,1.134241437622872,1.4689302774302544,-0.9621619678058483,-3.130769883273233,0.7761289285100835,9.535878048544577
339,340,0.3400000035762787,6188.912109375,177.07701110839844,nan,nan,2.7156813703261795,-5.925523203563768,1.4242802558649135,1.6851447422823727,0.45516960363198167,1.1925182542081085,0.5086309877663933,1.3281424280933134,1.6525300030835186,-0.7989941756747051,-2.8761034410802924,0.5532603411668918,9.634315344342218
340,341,0.3409999907016754,6169.13134765625,177.1160125732422,nan,nan,2.542203864657578,-6.055291193621167,1.4262086917533245,1.8147533426410747,0.5857549817099346,1.4163754542795075,0.45443777089481635,1.419467397432654,1.7196860308676178,-0.6852466260942037,-2.7259771311043335,0.3730694640851808,9.755330239729574
341,342,0.34200000762939453,6139.6875,177.552001953125,nan,nan,2.3112975132682063,-6.178877859071193,1.5173803997325768,2.0720324705063042,0.6915838704313092,1.7572388074909382,0.3777862313932716,1.5369444182949445,1.8570391316283135,-0.45337990383680676,-2.4482993484418083,0.125261951569888,10.000766558162612
342,343,0.34299999475479126,6107.24169921875,177.82701110839844,nan,nan,2.117399329725071,-6.258062595142128,1.547747708864504,2.270692685496284,0.7572932902987504,2.01269954432864,0.3004307046539229,1.5768093255701456,1.914273197721638,-0.2683579912124199,-2.2591859955423765,-0.07093325558184446,10.227266874194223
343,344,0.3440000116825104,6069.833984375,177.88600158691406,nan,nan,1.9004653059289447,-6.281421380145851,1.635643521606713,2.54314074959671,0.802505126486526,2.319697699272734,0.1952818297594974,1.6235099889006501,1.9978470506503603,-0.004040359038328597,-1.9776712603968298,-0.29587129570544807,10.49772545599183
344,345,0.3449999988079071,6031.75146484375,177.92100524902344,nan,nan,1.7445518561464148,-6.279500021846499,1.6247680526099202,2.686417870446384,0.7921105039052798,2.459257758623474,0.11431024903136146,1.6015058750233668,1.9816384082259022,0.14166531157254572,-1.8527733165923874,-0.4241033566643618,10.673818884387494
345,346,0.34599998593330383,6003.85400390625,178.09300231933594,nan,nan,1.577070673442993,-6.194095225008806,1.7059029066651343,2.923744268940176,0.7754816541937684,2.632121370484642,-0.007374310719128687,1.6135005619579494,1.989317811654805,0.38184284935231694,-1.6186128338696,-0.5688097770554641,10.867164530473751
346,347,0.34700000286102295,5988.40625,178.36801147460938,nan,nan,1.4505609091307712,-6.102375449247264,1.7127026175044975,3.0500223434299225,0.7164495239162312,2.661190480602829,-0.09838623984329051,1.591670490099281,1.9197532916987081,0.5149258101029439,-1.5123512684464584,-0.6294785883304648,10.959850914985378
347,348,0.3479999899864197,5980.79296875,177.75,nan,nan,1.3525249777199946,-5.925852639853664,1.8016103420105254,3.232482974966088,0.6758389918575184,2.671833705650706,-0.2353161873387423,1.6027976879563448,1.8461964220229599,0.704028500644075,-1.348651750067825,-0.6658893747011517,11.029094743897433
348,349,0.3490000069141388,5979.72998046875,177.4199981689453,nan,nan,1.2795164281919176,-5.791389051068177,1.8086889995799011,3.30575710419214,0.600304875771947,2.562801667780244,-0.3222441446319027,1.589585202631312,1.7174395424290552,0.7800153885154932,-1.321112007150001,-0.6339088672146579,11.013031650147871
349,350,0.3499999940395355,5985.48046875,177.83599853515625,nan,nan,1.243111063634735,-5.561822515524308,1.9033846260249454,3.4378121002957185,0.556998350685759,2.4442273051619954,-0.46164815444684676,1.6057064066704494,1.5807174992995288,0.9208673427063152,-1.2242945723277423,-0.5744576185603388,10.973333038813223
350,351,0.35100001096725464,5993.8759765625,177.6580047607422,nan,nan,1.213142113262148,-5.41154072634785,1.923829885591942,3.4820622831625325,0.4865530609469887,2.2575369175599453,-0.5459435737382891,1.601992427228221,1.4184252093206446,0.9647234069911412,-1.2397177001971214,-0.4769707071619135,10.893560467896215
351,352,0.35199999809265137,5999.794921875,177.47000122070312,nan,nan,1.236747205311927,-5.1774339307154555,2.016156542326101,3.5623440017359096,0.454935158837348,2.065587793696338,-0.6839388354516202,1.6147098096400663,1.2436214348327816,1.0520611258091654,-1.1986235104765866,-0.3421027976361366,10.79611718333027
352,353,0.3529999852180481,5999.9033203125,177.2270050048828,nan,nan,1.2468494771310004,-5.034665705209768,2.049636453112076,3.589082661828511,0.40196021450387986,1.8599247688924014,-0.7679471644600177,1.6122378528517922,1.073866078075048,1.0767666500009228,-1.2260569321501886,-0.19842256035958666,10.705205188770078
353,354,0.3540000021457672,5987.8046875,177.46200561523438,nan,nan,1.317571744546618,-4.834022835477572,2.13613980590698,3.639251328378854,0.3890084016792273,1.658503213564758,-0.8987946610053421,1.615780886461752,0.8955034196675914,1.1329829031983343,-1.204980057111779,-0.015701501435370278,10.631420245908892
354,355,0.35499998927116394,5959.2568359375,177.78500366210938,nan,nan,1.3564549662306986,-4.741772717643271,2.164284468858821,3.6534496355787347,0.35208727843031784,1.4847772468618523,-0.9761016997706825,1.6072449360092234,0.746742084902968,1.1421141625127906,-1.2339257807668216,0.14807377173463998,10.609438599224285
355,356,0.35600000619888306,5911.37255859375,177.17601013183594,nan,nan,1.4471275204637757,-4.601092053386602,2.2277510127145472,3.671243000067903,0.360431037788805,1.3381884461060534,-1.1019946808309518,1.5964376090050583,0.5934129687605563,1.174783987864424,-1.2113827594613433,0.34082730743079104,10.624726098678323
356,357,0.3569999933242798,5843.74853515625,177.57400512695312,nan,nan,1.4810370715919992,-4.5861325172650265,2.238690567325062,3.6713782172586273,0.34286399397232964,1.2429206219734523,-1.1688106184976648,1.5782212704060763,0.48170790018781423,1.1773996073592055,-1.2217644575297526,0.48796141450496916,10.723362298954967
357,358,0.3580000102519989,5759.0849609375,177.46701049804688,nan,nan,1.5759712822024599,-4.500750359131888,2.2858978745907477,3.658296430089737,0.38575611957260003,1.1825437365524187,-1.2968166069785036,1.555776239714139,0.35489953863917645,1.1960804603964887,-1.1759001290960327,0.66456353248574,10.850304076995794
358,359,0.35899999737739563,5658.45947265625,177.7519989013672,nan,nan,1.59992331445837,-4.530485998536372,2.295604448682919,3.650046761953629,0.39394196568203793,1.1758082152144849,-1.3599890521107494,1.5337745942831016,0.27167822736348807,1.1947834843365974,-1.1642937762547532,0.7788819853347597,11.05104563852033
359,360,0.36000001430511475,5545.89990234375,178.46800231933594,nan,nan,1.6876173718086398,-4.46663696903975,2.338894760483853,3.6113983288021796,0.4660388253711618,1.1921394948871273,-1.4842790729317006,1.5065827886385372,0.16334567220550128,1.1935475712602357,-1.1187256769701701,0.9179595466500687,11.234737713436703
360,361,0.3610000014305115,5427.0986328125,178.88499450683594,nan,nan,1.6961913460969558,-4.501911730984399,2.3603637537237776,3.5945526630282956,0.4920869413218614,1.2523908966952941,-1.5421844154870974,1.4840236834235907,0.09530600976511047,1.1822945601253345,-1.103381020663117,0.9841282764913546,11.468447122517526
361,362,0.3619999885559082,5308.5361328125,179.18299865722656,nan,nan,1.773499515706623,-4.420611958701105,2.4094072527370534,3.525706760462717,0.5751305930139792,1.3092555628975018,-1.65117386404753,1.4533579186045271,-0.0007981035114526089,1.1563981859294186,-1.0761018646790101,1.0709362543009213,11.620820518144567
362,363,0.3630000054836273,5197.56103515625,179.4340057373047,nan,nan,1.7708927384102668,-4.413361615770233,2.4549321047943686,3.4938210147572497,0.6032236933175097,1.393609761496522,-1.690770706559956,1.434338187825179,-0.06420296651974752,1.1278346521132587,-1.0714971766245698,1.0845699553887564,11.790007109708155
363,364,0.36399999260902405,5100.8564453125,179.44700622558594,nan,nan,1.8724719822269835,-4.257017053265547,2.5326973968620865,3.3936907453875627,0.7001454627523108,1.427203887028706,-1.7835826968521558,1.4120123091090109,-0.15517277055054632,1.072267588306979,-1.093925211043243,1.133360538822611,11.808075175938809
364,365,0.36500000953674316,5022.47802734375,179.47000122070312,nan,nan,1.8954072032328897,-4.172874008695878,2.6183151622416685,3.3468598587256233,0.7370265222053897,1.4767897201254698,-1.8093780500805037,1.4038129154914676,-0.2167101750760399,1.025733750590712,-1.1294740533099725,1.1164847897364405,11.842966225992498
365,366,0.3659999966621399,4965.45556640625,179.30101013183594,nan,nan,2.0023832573796394,-3.9414388838471432,2.7065942933521554,3.209353889977316,0.8516822228888239,1.4691131600374383,-1.8880688224766546,1.3865089027596431,-0.30203775075734063,0.9521756288510633,-1.1923570100774297,1.1274291506584813,11.671703355893113
366,367,0.367000013589859,4931.720703125,179.10400390625,nan,nan,2.0602224461474026,-3.773400540311213,2.8154367577706694,3.137076874590698,0.9219862805177702,1.462170348435157,-1.914483621865566,1.3884963358882538,-0.3600910518508116,0.8956418048524627,-1.272244733948205,1.096773952924678,11.525995291081834
367,368,0.36800000071525574,4918.7421875,178.78599548339844,nan,nan,2.1799970065773446,-3.5200150679513187,2.908749951201596,2.996626654804086,1.0531912117833606,1.3976835922741624,-1.9694296047412543,1.384625744820845,-0.4182712999993863,0.8208925750837088,-1.3909805994566564,1.0874628281437142,11.21039083585736
368,369,0.36899998784065247,4928.39404296875,178.44300842285156,nan,nan,2.3245040638265246,-3.26827912407742,2.995377608981362,2.858387135589648,1.1964061290801116,1.2847841573004035,-2.0141114444795813,1.3817429076787602,-0.46674867172630985,0.7449660999873636,-1.5582036035885363,1.090873399953674,10.832381397121228
369,370,0.3700000047683716,4946.080078125,178.03700256347656,nan,nan,2.501425525142227,-3.0097433607175157,3.043119790205895,2.686798197145239,1.3698504146670156,1.1179820308829567,-2.0529344289660414,1.3629592210033425,-0.5026478306213025,0.6623603860704056,-1.7745533913388567,1.1126666285789553,10.352037598585516
370,371,0.3709999918937683,4962.06494140625,177.802001953125,nan,nan,2.5860836521388406,-2.9118081382077494,3.1630177362588143,2.711709708746299,1.4368810345684775,1.0196549454869048,-2.0080986844936963,1.3717138892380858,-0.5136873194060307,0.6495285629429652,-1.9523530464055625,1.0924888641456199,10.147867274565256
371,372,0.3720000088214874,4995.76318359375,176.30799865722656,nan,nan,2.765961457712701,-2.7613642913995524,3.1780006905689198,2.604931887418022,1.5774597887785937,0.8250872063917265,-1.9876373826008693,1.3295118053733326,-0.5230350914337527,0.5900325602317014,-2.213194293715679,1.1255146670216536,9.736751249274542
372,373,0.37299999594688416,5048.712890625,175.9860076904297,nan,nan,2.926923626670752,-2.689551377429518,3.190016502796559,2.565712517601193,1.6741397539025695,0.6451062414424621,-1.9270035091621598,1.2786142863759848,-0.5190929077848215,0.5531501364388061,-2.472437087525391,1.1624000803153822,9.433384937773386
373,374,0.37400001287460327,5101.33740234375,175.9459991455078,nan,nan,3.114274095687099,-2.662414187096072,3.098954616687378,2.456494427520276,1.778359709694286,0.4231878437034222,-1.845417930600514,1.1758563210345399,-0.5104836778970482,0.48661007569604514,-2.7720639210143663,1.219874084328699,9.08432659599407
374,375,0.375,5145.255859375,174.88400268554688,nan,nan,3.249343731813918,-2.7277375783118876,3.1063574155174587,2.5281036516037605,1.7968951880380213,0.28238076185099215,-1.7114431702831514,1.101734581667324,-0.49061959867053695,0.4850235470548841,-3.0171670065234584,1.2633421417826802,9.008847663515493
375,376,0.37599998712539673,5189.7060546875,175.50401306152344,nan,nan,3.3932932514661713,-2.841154887795283,2.950894612011898,2.4586480050583113,1.8310661897759923,0.10549272520117775,-1.564870588363146,0.9627942756065143,-0.47824852974040294,0.42031857836148234,-3.280087772128814,1.3182244294373051,8.841695548745456
376,377,0.37700000405311584,5235.3076171875,174.35800170898438,nan,nan,3.5047802964846633,-2.9979731515025847,2.848919970325166,2.4886242185202305,1.8049861677377756,-0.016133788723468864,-1.3829698659116114,0.8420898098825882,-0.4629191205544808,0.3860579372976063,-3.495259628155197,1.369109879112684,8.837297601152427
377,378,0.3779999911785126,5272.33935546875,173.1529998779297,nan,nan,3.57856679609184,-3.218878600742575,2.620522626173601,2.419635522071494,1.7636618737123966,-0.12842306841375367,-1.1762744702026537,0.6825056989635229,-0.46807279642795563,0.293764123481513,-3.677037950931658,1.4073196947211208,8.809214023391267
378,379,0.3790000081062317,5298.412109375,172.7100067138672,nan,nan,3.6297100090589773,-3.4081681478574004,2.516873099505945,2.4835617014367704,1.681242933528779,-0.17250580780637148,-0.9523789586611938,0.5751533122640592,-0.46633288173988774,0.25775872750889356,-3.791647278900298,1.4460928402489492,8.911738694909634
379,380,0.3799999952316284,5319.79443359375,172.29000854492188,nan,nan,3.6294925359070285,-3.6742631588295436,2.2727411170166407,2.424368756764573,1.5740245361261196,-0.21512794004665634,-0.7009266347902027,0.4356011636683658,-0.5000548607130532,0.1393659998776727,-3.8631978510988936,1.4633074021569206,8.978348195937599
380,381,0.38100001215934753,5338.62109375,172.4770050048828,nan,nan,3.608073161963741,-3.8849756140249143,2.105806900718071,2.4284092860151167,1.445729792099229,-0.21177074166467932,-0.44512497030892656,0.33884833010528065,-0.5299329281401444,0.05091393153220796,-3.8768161265491337,1.4798413286599046,9.077655572127703
381,382,0.38199999928474426,5348.6826171875,171.87400817871094,nan,nan,3.5057477899628777,-4.153730123163565,1.834119464650414,2.333318460954016,1.2824921027781222,-0.18325466099889814,-0.16742549481368438,0.22912747087136684,-0.599394270828692,-0.10570026674103469,-3.817691728848639,1.457788916934057,9.148432369638433
382,383,0.382999986410141,5348.01953125,171.16500854492188,nan,nan,3.4481480068210626,-4.308147664478292,1.689216228303467,2.3185382875056435,1.1284684265238374,-0.15564808132921779,0.08822470503302168,0.17642839484593595,-0.6345953031887162,-0.20265190804015784,-3.7511945889228593,1.4732279530446355,9.210845693111736
383,384,0.3840000033378601,5341.52001953125,171.87100219726562,nan,nan,3.312369606446322,-4.51877291246117,1.4556035249832517,2.2054692276880963,0.9514528848063517,-0.1077585860322144,0.34288994767051795,0.12406137938806862,-0.7159135786088896,-0.3721437507191907,-3.617855482819624,1.444054691883509,9.246548311574037
384,385,0.38499999046325684,5331.29248046875,171.26800537109375,nan,nan,3.2216285464417136,-4.630397866942398,1.3109938906553569,2.124523073932982,0.7981684200018071,-0.07358008138452592,0.5595095645016762,0.11132794380618921,-0.7638810028581666,-0.49801447861109294,-3.4852345251961885,1.4464292259377483,9.246088988977835
385,386,0.38600000739097595,5313.41552734375,171.48300170898438,nan,nan,3.048624748085695,-4.781260898452928,1.119571716048472,1.9761086904608465,0.6334640999611186,0.00011368382251065296,0.7530604404359973,0.10286412016117903,-0.8515898235157894,-0.66658530706696,-3.278234105896494,1.3924069213820405,9.247487320641905
386,387,0.3869999945163727,5287.7236328125,171.0800018310547,nan,nan,2.982078808304092,-4.7996895607717205,1.0363278803042062,1.8653580258810432,0.5251340240991227,0.024359834142537354,0.8938665653752952,0.12952193091355124,-0.8743589361651694,-0.7681690852843143,-3.121797282659636,1.4021534906086466,9.184293139292032
387,388,0.3880000114440918,5259.34716796875,170.82701110839844,nan,nan,2.786189276166222,-4.901232819961366,0.9053322359746018,1.7042429920520217,0.4108075996024725,0.12510712117295036,0.9938021135608635,0.16077876755378148,-0.9620587073008227,-0.9094973085154986,-2.868492294125632,1.3074081742430523,9.191489435887837
388,389,0.3889999985694885,5226.83447265625,170.62100219726562,nan,nan,2.6905365492634443,-4.901248028505637,0.8572443139864429,1.5693177548485064,0.353397997631317,0.1739254622607315,1.0456253719508513,0.2168578716158574,-0.9933947071817576,-0.997897875225049,-2.6773942559443022,1.268573042141717,9.148674553157411
389,390,0.38999998569488525,5184.4609375,170.70899963378906,nan,nan,2.5251160906403274,-4.942212720404373,0.8131732770001573,1.4396093786816175,0.3091772774748115,0.26403729957728916,1.0547990404095924,0.2842628287600337,-1.0601199131889698,-1.0836384050589678,-2.4482788951059793,1.1586291082326812,9.181053820412595
390,391,0.39100000262260437,5136.5673828125,170.55601501464844,nan,nan,2.4471726473285393,-4.914638972209044,0.8265959450680995,1.3247048017552299,0.3077790972428548,0.29616502991374505,1.0370067848017972,0.36292491350511397,-1.0913614120353337,-1.135856605380345,-2.286332303182426,1.0963122658888567,9.174360175876094
391,392,0.3919999897480011,5084.2626953125,170.7939910888672,nan,nan,2.287580148348595,-4.933068127312293,0.8467947909653473,1.2468621379161078,0.3113736370796616,0.37985495262059005,0.9853350950522239,0.45395910684250845,-1.1647186310305295,-1.1793475354536644,-2.0935262720305308,0.9486209054422042,9.267034683509735
392,393,0.3930000066757202,5028.3642578125,170.86700439453125,nan,nan,2.2410645769380593,-4.877331834128523,0.9053614678455062,1.1613359189926684,0.33939776315848186,0.37600988581338274,0.9347388635493402,0.542353164343023,-1.198901671040639,-1.205883488204194,-1.9839405966469175,0.8767533558398993,9.284123038994178
393,394,0.39399999380111694,4973.1357421875,170.91600036621094,nan,nan,2.1002283580265404,-4.888967098725838,0.9894359258404786,1.1711909365630342,0.36129359860654064,0.42660378216004013,0.8640260454667427,0.6413523109424782,-1.2982300876229398,-1.2109869120801664,-1.858034941273832,0.7090082555569736,9.43756150872721
394,395,0.39500001072883606,4919.16552734375,171.0019989013672,nan,nan,2.070186440759946,-4.829029303102822,1.0882525947361483,1.1547590198103157,0.3994008163401327,0.39230488124679297,0.8147971023414696,0.7303294520271448,-1.3622335524363898,-1.2186065132312351,-1.8056265953939388,0.6259011736139067,9.481553260959815
395,396,0.3959999978542328,4867.70947265625,171.0760040283203,nan,nan,1.9360774569103805,-4.849900671633432,1.2320385363966355,1.291387538790068,0.41942640278329313,0.4155093171727967,0.7608843341892886,0.8297133575774741,-1.5050143455295897,-1.1868527711349084,-1.7485142470565382,0.4446599860257549,9.690935031810225
396,397,0.3970000147819519,4817.46044921875,171.37600708007812,nan,nan,1.9259190479331865,-4.7917199658825185,1.3585778197053775,1.3519312051812367,0.4500108788112602,0.3508848391936444,0.7433600632763858,0.9058839808089331,-1.600030340561238,-1.1793218804713304,-1.7472607806080092,0.3665508471724915,9.740127186015208
397,398,0.39800000190734863,4770.267578125,171.21600341796875,nan,nan,1.8158006233448531,-4.810804981053853,1.539712964293913,1.6095771362345084,0.45645986838244856,0.3532563133529483,0.7325678743142275,0.9825154975540369,-1.7688049869669595,-1.1110638783722104,-1.7492568184518251,0.20160202588987303,9.953420142380399
398,399,0.39899998903274536,4726.91015625,171.16000366210938,nan,nan,1.822023784402071,-4.764698176165871,1.6847451358754113,1.7622712962922507,0.47174704821260904,0.2770065721288005,0.7606681532915589,1.033801629941354,-1.8906106359086448,-1.0838457950178066,-1.7849027641873099,0.13600080807200818,10.002224556862028
